"","logFC","AveExpr","t","P.Value","adj.P.Val","B","change"
"LAMP2",0.991229203512821,-0.042106608968254,10.7687682412845,2.39418894491703e-16,4.44744538407788e-12,26.528562288062,"UP"
"ANTXR2",0.823462077648718,0.0196459568777778,10.0007003835916,5.38599777225622e-15,5.00251473087157e-11,23.5793096526827,"UP"
"CTSS",0.865983684179487,-0.00314091550793651,9.51712220972576,3.92691263352264e-14,2.43154430267722e-10,21.6916430543782,"UP"
"RGS2",0.981664429659544,-0.0609412928007055,9.30065276146516,9.60899447813951e-14,4.00432554882311e-10,20.8400994024764,"UP"
"PLXDC2",0.76581084317557,0.0340039842151676,9.27292817606476,1.07782233764618e-13,4.00432554882311e-10,20.7307747887902,"UP"
"SVIL",0.904235504269231,0.17759801447619,8.73194697670257,1.02160110675998e-12,3.1628770265289e-09,18.5873447433509,"UP"
"MTPN",0.619805228470513,-0.0584058529587302,8.63444462614551,1.53437262382259e-12,4.07178655144691e-09,18.1992817420346,"UP"
"STK3",0.658834581130449,0.0328918903825397,8.59369164770053,1.81889406014418e-12,4.22347200765478e-09,18.0369567898041,"UP"
"DOCK8",0.856824931060898,-0.0231483234444444,8.55953877739927,2.09766967376654e-12,4.32959020665414e-09,17.9008674404315,"UP"
"ACOX1",0.820622299751923,0.0957317037904762,8.39699482090023,4.13688295737162e-12,7.08277817911574e-09,17.2525763225683,"UP"
"MARCKS",0.920769205932052,0.0382461223746032,8.39370576531865,4.19415159185364e-12,7.08277817911574e-09,17.239449014556,"UP"
"NUMB",0.731127548150641,0.0276133054444444,8.32574824963379,5.57229704417852e-12,8.03271718213171e-09,16.968145338455,"UP"
"C5AR1",0.956138483496474,0.0931683905507937,8.32364505521213,5.62151826914902e-12,8.03271718213171e-09,16.9597467957022,"UP"
"HMGCR",0.676760058597116,-0.0221140936047619,8.17292440160299,1.05592799379395e-11,1.40106560090832e-08,16.3576136985024,"UP"
"NPEPPS",0.50447403944359,0.0199016358222222,8.04427762680391,1.80880758274032e-11,2.24002731046561e-08,15.8433484766159,"UP"
"TNFSF13B",0.831664453869658,-0.0885556070687831,7.88017316573996,3.59406442177926e-11,4.13574287255332e-08,15.1871451585729,"UP"
"FGL2",0.747573291761539,-0.0427194303380952,7.86780888724366,3.78486373995513e-11,4.13574287255332e-08,15.1377027501183,"UP"
"MGC13170",-0.500962895916311,0.00723897468606702,-7.84539206909128,4.15697302112233e-11,4.28999615779824e-08,15.0480634034994,"DOWN"
"PDK4",1.00737014182692,0.132915900714286,7.79525551916687,5.12691577690025e-11,4.78652473964488e-08,14.847589195422,"UP"
"BAZ2B",0.897727164384616,0.0617925316666667,7.79402130154797,5.15345040874772e-11,4.78652473964488e-08,14.8426543187992,"UP"
"TNFSF10",0.884189869380769,0.0376283938428571,7.64887845392444,9.45504426650628e-11,8.36366201402956e-08,14.2624421076702,"UP"
"DFFB",-0.523588306019872,0.0392157927555556,-7.60411269672804,1.14002136979353e-10,9.62592589331117e-08,14.0835598017554,"DOWN"
"TLE4",0.633179646142628,-0.0133787445634921,7.56636998922361,1.33474125939643e-10,1.05029864428967e-07,13.9327758782047,"UP"
"RAB27A",0.592442897401923,0.0159355061,7.56241527970639,1.35697499262231e-10,1.05029864428967e-07,13.9169786359887,"UP"
"SUSD3",-0.65024666294359,0.0236323281777778,-7.45241935778209,2.1480265078102e-10,1.59606961636329e-07,13.4777733073684,"DOWN"
"ID3",-0.851608690875,-0.0610590542380952,-7.42610350911272,2.39735620342005e-10,1.67071341673571e-07,13.3727536428563,"DOWN"
"KIAA1600",0.695220694478633,-0.017184361037037,7.42302363355027,2.42836252432516e-10,1.67071341673571e-07,13.360464286091,"UP"
"CORO1C",0.785301989247436,0.0109300887603175,7.38750132510437,2.81624265782219e-10,1.81019918546094e-07,13.2187484943158,"UP"
"CTSZ",0.84086318829968,-0.026753989484127,7.37596161386297,2.95509709959104e-10,1.81019918546094e-07,13.1727215370154,"UP"
"SDCBP",0.829608628830128,0.0500168707936508,7.37309310492566,2.99065998740833e-10,1.81019918546094e-07,13.1612811184207,"UP"
"HMFN0839",0.883830618961539,0.0917505371428571,7.37068085150675,3.02089657349748e-10,1.81019918546094e-07,13.1516606345295,"UP"
"NPL",0.715222497775321,-0.0331659362587302,7.32132149656238,3.71111746008941e-10,2.08902175571578e-07,12.9548610143625,"UP"
"CKAP4",0.953574744057336,0.131044077425044,7.31113832093016,3.87200433331688e-10,2.1026182413845e-07,12.9142732365397,"UP"
"FLT3LG",-0.758662321786859,0.00983991918253968,-7.30564573485359,3.96165150992988e-10,2.1026182413845e-07,12.8923830345923,"DOWN"
"CPD",0.927255785997196,0.0844456447519841,7.29863077328713,4.07916183398121e-10,2.10484750633431e-07,12.8644275823926,"UP"
"MFSD1",0.629327548035257,-0.00494685041269841,7.28243612615678,4.36388739153343e-10,2.19090735635473e-07,12.7998988828583,"UP"
"ZNF337",-0.672786450925641,-0.0111025089063492,-7.25098836956666,4.97459990967379e-10,2.31020419805251e-07,12.6746296906606,"DOWN"
"XTP3TPA",-0.54213921233141,0.0427001538222222,-7.23040521658352,5.41973035747114e-10,2.45553441757034e-07,12.5926658242795,"DOWN"
"ANKRD13",0.628807886462821,0.0428561998698413,7.21522672134462,5.77321396100988e-10,2.48247034614654e-07,12.5322380734508,"UP"
"SQRDL",0.551787953116026,0.00440657755396825,7.21188984670674,5.85395469779428e-10,2.48247034614654e-07,12.518955163961,"UP"
"SPAG9",0.616838786039103,0.0192690183587302,7.21081922555273,5.88009771912403e-10,2.48247034614654e-07,12.5146935308527,"UP"
"ATP6V1A",0.674873197465385,-0.0343039341333333,7.18358683383643,6.58564537353746e-10,2.63249377757798e-07,12.4063156722805,"UP"
"HIST2H2BE",0.774802085317308,0.0467105451904762,7.18128098344043,6.64912584036198e-10,2.63249377757798e-07,12.3971409007098,"UP"
"APRT",-0.713668223978205,0.0468466482396825,-7.18086673123327,6.66059472147745e-10,2.63249377757798e-07,12.395492660572,"DOWN"
"CD163",0.986268635267308,0.164099321861905,7.15747920870392,7.34110535104162e-10,2.84100777085311e-07,12.3024537367657,"UP"
"ZNF548",-0.543599973089744,0.0362006667777778,-7.12137469794562,8.53008897434139e-10,3.16909865574731e-07,12.1588888726328,"DOWN"
"MTMR3",0.695059500853846,0.0726110986,7.08537620653421,9.90644271320497e-10,3.60827607530383e-07,12.0158266894242,"UP"
"HSDL2",0.715168788044516,-0.0122622621781305,7.06550900498836,1.07585706244926e-09,3.84329246001103e-07,11.9369083411071,"UP"
"RASSF2",0.717657467454416,0.109656181167549,7.05253345448561,1.13541261940414e-09,3.97951411661346e-07,11.8853800010453,"UP"
"LHFPL2",0.695504454653846,0.0284092041904762,7.00095965838312,1.40639165828053e-09,4.75002389894892e-07,11.6806872014564,"UP"
"TM9SF2",0.67699069378312,-0.0324556833544974,6.98966267556187,1.47385818468329e-09,4.88899814976371e-07,11.6358759282134,"UP"
"KLHL3",-0.605892405651603,-0.0481319926968254,-6.96602544109218,1.62562402193534e-09,5.2064813502536e-07,11.5421460365549,"DOWN"
"ARG1",1.68010359608333,0.411425390492064,6.95628323541172,1.69261337564683e-09,5.3291501806806e-07,11.5035272020116,"UP"
"NT5C2",0.753447262095798,-0.122367062363316,6.94829573857213,1.74958169590019e-09,5.41670493050698e-07,11.471869663218,"UP"
"PJA2",0.709991682830128,0.0399022215079365,6.93676527560089,1.8352011521302e-09,5.58863878720828e-07,11.4261788209335,"UP"
"BAZ1A",0.70458841944359,0.0424159994650794,6.92858814696037,1.89843560516069e-09,5.68795803249436e-07,11.3937823696596,"UP"
"SRPK1",0.804558068224715,0.0425750843950617,6.91778817769249,1.98528761832662e-09,5.77809231748074e-07,11.3510028918703,"UP"
"HAL",0.828512404830769,-0.0951037533714286,6.9171272297268,1.99072948061352e-09,5.77809231748074e-07,11.3483851349903,"UP"
"CUTA",-0.591883781842949,0.0592126563888889,-6.90931931210764,2.05614990187561e-09,5.87616008880636e-07,11.3174637209019,"DOWN"
"RNASEL",0.586543453577564,-0.0105417104031746,6.90475674251633,2.0953642551801e-09,5.89749794003416e-07,11.2993970574312,"UP"
"NCR3",-0.667916700272436,0.075007605015873,-6.8824606091689,2.29796398652483e-09,6.37119089756495e-07,11.2111347097321,"DOWN"
"RAI17",0.591805427990705,0.0338506209412698,6.87637387366725,2.35658270561936e-09,6.4376294617037e-07,11.1870467962518,"UP"
"SLC25A42",-0.606992983944872,0.0371836569269841,-6.80334358295532,3.18733063114894e-09,8.58084837742359e-07,10.8982863655393,"DOWN"
"SLC22A4",0.798822287742165,-0.0507706322310406,6.78994880136134,3.36866681137587e-09,8.93947924115974e-07,10.845376050049,"UP"
"RTN3",0.740385611908476,0.109778465141093,6.78194090343261,3.48193906347719e-09,9.10992958354257e-07,10.813752323107,"UP"
"KLF12",-0.505094450662821,0.0669414265063492,-6.77599250328338,3.56852399958126e-09,9.19050366826556e-07,10.7902656159034,"DOWN"
"ST6GALNAC6",-0.515795716739744,0.0425796982206349,-6.77308067183639,3.61168587308024e-09,9.19050366826556e-07,10.7787697459426,"DOWN"
"CD96",-0.717795969923789,0.0124522442733686,-6.76820592934724,3.68510889778085e-09,9.21803905761525e-07,10.7595261442834,"DOWN"
"CD6",-0.917412765207692,-0.0820190839857143,-6.75236380563959,3.93412561857448e-09,9.61583124876837e-07,10.6970033667106,"DOWN"
"KCNJ15",0.957629943216667,0.144736445360317,6.74624841301857,4.03466595639612e-09,9.68858420621136e-07,10.672874790185,"UP"
"APOA1BP",-0.507750837714744,-0.034842841531746,-6.72196125030027,4.45981365511865e-09,1.03556873071855e-06,10.5770850952221,"DOWN"
"GLTSCR2",-0.590768311082051,-0.014666680884127,-6.71229883602347,4.64108275242236e-09,1.04085970643874e-06,10.538992511985,"DOWN"
"SLC2A3",0.74402889305698,0.117060012564374,6.71194877282047,4.64778572650374e-09,1.04085970643874e-06,10.5376126191521,"UP"
"ITGAM",0.761883013445513,0.0946788885079365,6.71179686477199,4.65069743940653e-09,1.04085970643874e-06,10.5370138259374,"UP"
"CYBRD1",0.762510225541667,0.0196195644126984,6.70736906637904,4.7363690566966e-09,1.04741418568091e-06,10.5195613022687,"UP"
"CARD12",0.598156545516026,-0.0514033960555556,6.69563434732208,4.97108256410939e-09,1.08638623189289e-06,10.4733176709702,"UP"
"KPNB1",0.583230804344872,0.034512608568254,6.69204747404863,5.04510663188298e-09,1.08974303248672e-06,10.4591855202286,"UP"
"TMEM55A",0.731669560794872,-0.0313959917936508,6.6866887719509,5.1577426424011e-09,1.10090113230515e-06,10.4380749147814,"UP"
"DDEF1",0.539920980632051,0.0827965894507936,6.6839954801363,5.21529390842233e-09,1.10090113230515e-06,10.4274658216775,"UP"
"KRT10",-0.585223775163818,0.0453603462081129,-6.66825213781906,5.56470150563239e-09,1.16145949627671e-06,10.3654667621578,"DOWN"
"DPYD",0.812911704821795,0.10026317608254,6.64456806461185,6.13463447022144e-09,1.23866271650906e-06,10.2722458871443,"UP"
"SNURF",-0.723516928830484,0.069707078366843,-6.63731891760526,6.32040448497289e-09,1.24710316460966e-06,10.2437252433309,"DOWN"
"CDR2",-0.552041994528846,0.0249970818809524,-6.63697023012548,6.32947966911301e-09,1.24710316460966e-06,10.2423535310612,"DOWN"
"JAK2",0.500270309305128,0.00375903635555556,6.61664598151381,6.8814411218962e-09,1.33155885708692e-06,10.1624224727106,"UP"
"RAB6IP1",0.539626072661539,-0.0306694460428571,6.60856247282128,7.11403446811197e-09,1.34847249264947e-06,10.130644459092,"UP"
"DXS9879E",-0.505301726930449,0.00397758958888889,-6.60161327829329,7.32022139818003e-09,1.36915021004088e-06,10.1033315437969,"DOWN"
"MLSTD1",0.750994416789886,0.0978780039188712,6.59994712649988,7.37053299978939e-09,1.36915021004088e-06,10.0967837585687,"UP"
"BIRC2",0.716596047755769,0.0607820213904762,6.595510743596,7.50617651857294e-09,1.38054193078229e-06,10.0793508172351,"UP"
"MAL",-0.862892075213462,-0.0752677722809524,-6.58709262406043,7.77041573576955e-09,1.41512983046721e-06,10.0462776441207,"DOWN"
"KIAA1754",0.679315219727564,0.000342895396825404,6.5724468548945,8.25234095835879e-09,1.48830568584925e-06,9.98875662224429,"UP"
"ICAM2",-0.582831580813462,0.0488721133,-6.55179091645822,8.98289002292259e-09,1.59746810543753e-06,9.90767317512046,"DOWN"
"PREX1",0.614999468279487,0.0395656212206349,6.55052712979093,9.02961622905581e-09,1.59746810543753e-06,9.90271389794966,"UP"
"PTAFR",0.512324706803205,-0.0528668009492064,6.53736066683597,9.53101185294363e-09,1.67026486962529e-06,9.85105813301393,"UP"
"IQGAP1",1.02303135931766,0.0167861920299824,6.52608321150046,9.98238826188776e-09,1.73301723694231e-06,9.80682999161174,"UP"
"MYH9",0.7485242447151,0.0333593567495591,6.50469701588591,1.08974461558256e-08,1.87205723568426e-06,9.72299961032313,"UP"
"ITK",-0.799870310408974,0.0233936585444444,-6.49763434498434,1.12175644992833e-08,1.8943407103517e-06,9.69532744019047,"DOWN"
"ABHD5",0.796198608775641,0.0198439543015873,6.49459253696728,1.13582956432522e-08,1.90082612494643e-06,9.68341127236117,"UP"
"VASP",0.831606147699074,0.0689899134268078,6.47602700856563,1.22560411724794e-08,2.014763016106e-06,9.61070659304351,"UP"
"ZBTB25",-0.501922636229487,0.0636222315126984,-6.46026356333013,1.30733370854432e-08,2.13026587455433e-06,9.54900937634812,"DOWN"
"LY9",-0.712770610611467,0.0188708392821869,-6.454893604921,1.33639295224099e-08,2.15868134615901e-06,9.52799892085651,"DOWN"
"OSCAR",0.59857343138141,0.0385177033968254,6.45105622823627,1.35755057388446e-08,2.17395340176532e-06,9.51298710611588,"UP"
"DIRC2",0.582392765205128,0.0570973833174603,6.44791878116548,1.37509584216357e-08,2.18174625194364e-06,9.50071482884472,"UP"
"TLN1",0.774149330804487,0.185398389063492,6.44600527602733,1.38590685685481e-08,2.18174625194364e-06,9.49323068594181,"UP"
"PELI2",0.527020011308974,-0.0366399590587302,6.39630879563355,1.69821752519726e-08,2.6071147725673e-06,9.29902537312189,"UP"
"PRCP",0.531136215227564,0.0682458451349206,6.37637197982632,1.84230269347844e-08,2.78232640927281e-06,9.2212088307289,"UP"
"MTF1",0.54614659369359,0.108234154860317,6.37403415094925,1.8599735131562e-08,2.78636032099916e-06,9.21208747723342,"UP"
"UBE2G2",-0.545290062662821,-0.021088502231746,-6.36519206854886,1.92834138139232e-08,2.83313881788258e-06,9.17759572378595,"DOWN"
"C16orf30",-0.76421766070641,0.0384917146222222,-6.36405279533231,1.93732971129969e-08,2.83313881788258e-06,9.1731523619165,"DOWN"
"SLAMF1",-0.588547908521795,-0.0138484528825397,-6.35892340968093,1.97831563385396e-08,2.83313881788258e-06,9.15314910850512,"DOWN"
"PAK1",0.565402686622436,0.0182267396650794,6.3583798327434,1.98270912104186e-08,2.83313881788258e-06,9.15102951627137,"UP"
"ECHDC2",-0.785404376058405,-0.146785930821869,-6.34186787715914,2.12087963967217e-08,2.98465607473865e-06,9.08666348285567,"DOWN"
"SIRPB1",0.655988727820833,0.0687036599253968,6.33665009980179,2.16649586673911e-08,3.00735333044386e-06,9.06633180697991,"UP"
"RBP7",0.75819028843141,-0.00700979403650794,6.33524623962923,2.17893429522908e-08,3.00735333044386e-06,9.06086216165053,"UP"
"TIMM22",-0.540747884746154,-0.0511950513904762,-6.33449981506994,2.18557654828769e-08,3.00735333044386e-06,9.05795409599064,"DOWN"
"PPP3R1",0.711514624685897,0.0608915487460317,6.33095652670968,2.21738234138099e-08,3.02868340981568e-06,9.04415054678905,"UP"
"LTB",-0.715257749198718,0.000550448603174604,-6.31795400805208,2.33807990521511e-08,3.15071718496517e-06,8.99351215325029,"DOWN"
"ZFP106",0.55820274098141,0.0532229482920635,6.26415736436876,2.91062933894115e-08,3.75471184723408e-06,8.78426237391246,"UP"
"EVL",-0.708287864435897,-0.204231292746032,-6.2573922842679,2.99182821849716e-08,3.80876997964023e-06,8.75797902187528,"DOWN"
"GCA",0.682261968413105,0.00427044677954144,6.25725144562103,2.99354229665953e-08,3.80876997964023e-06,8.75743191588183,"UP"
"ZCCHC6",0.619418796526282,0.131628487374603,6.24379313695318,3.16190778952065e-08,3.96862156068484e-06,8.70516523453161,"UP"
"EXOC6",0.572428693666667,0.0373278162222222,6.2370042092371,3.25036581260651e-08,4.03053865755049e-06,8.67881022484975,"UP"
"WSB1",0.695808522032051,0.0324421667936508,6.23668129007735,3.25463392890059e-08,4.03053865755049e-06,8.67755680979884,"UP"
"ZNF537",0.55232730709359,0.0832070647079365,6.23489784202101,3.2783065173564e-08,4.032968335524e-06,8.67063462043127,"UP"
"ETS2",0.603111690774359,-0.0102575422730159,6.21174155289554,3.60161076304889e-08,4.3448082337662e-06,8.58080150239466,"UP"
"B4GALT5",0.799799922751068,0.134154470962963,6.21012325584824,3.62535140091388e-08,4.3448082337662e-06,8.5745265542391,"UP"
"RRAGD",0.730192531841667,0.0985788947412698,6.20123507223665,3.75853339982933e-08,4.47554592533523e-06,8.54006993388326,"UP"
"PRAM1",0.602415751760577,0.0367971923,6.18171954734854,4.06820165377811e-08,4.74391435747004e-06,8.46445830991496,"UP"
"CRISPLD2",1.06085079875356,0.0779499295590829,6.18063951434089,4.0860588780965e-08,4.74391435747004e-06,8.46027556197586,"UP"
"C20orf3",0.681534513907051,0.104643482507937,6.17650864257238,4.15507786163297e-08,4.76448928133914e-06,8.4442792592511,"UP"
"SNRK",0.616724207305449,-0.00605751611269841,6.16839305318623,4.29405428022824e-08,4.84052851673914e-06,8.4128605975589,"UP"
"GIMAP5",-0.694672462458975,-0.0017551789031746,-6.16117215974006,4.42157440683489e-08,4.94790157719066e-06,8.38491459189066,"DOWN"
"LRRFIP1",0.751341317217949,0.0142544776825397,6.13692297612612,4.8778851541421e-08,5.42584398942178e-06,8.29112855301906,"UP"
"PADI4",1.02657534883013,-0.0518174751587302,6.13536277178823,4.90879171749046e-08,5.42772112762517e-06,8.28509761956973,"UP"
"UBR2",0.551797397551282,0.055572000984127,6.12790718177359,5.05918001867813e-08,5.51465020317574e-06,8.25628377367464,"UP"
"HIGD2A",-0.540535078816595,-0.0660535293262787,-6.12706409499313,5.07647063276837e-08,5.51465020317574e-06,8.25302605094072,"DOWN"
"LRRK2",0.833083893088782,0.103286363779365,6.12004088718219,5.22280013531762e-08,5.6080193822925e-06,8.22589268109522,"UP"
"CTNNA1",0.609189720189103,-0.0355430807936508,6.11445999488817,5.34205021590277e-08,5.70309912704654e-06,8.20433741023075,"UP"
"BIN1",-0.650666168439815,-0.0090031149276896,-6.11234348422184,5.38797656821222e-08,5.71926015606344e-06,8.19616410450487,"DOWN"
"MXD1",0.684077981580128,-0.066836547968254,6.09541065050027,5.76975650079017e-08,6.05531055133776e-06,8.13080196688299,"UP"
"GPR18",-0.644688243048077,0.00928389186309524,-6.09011912000129,5.8944668510229e-08,6.11707353210064e-06,8.11038619529717,"DOWN"
"ATP6V1B2",0.590108198724715,0.0448938287760141,6.07584806103287,6.2442653442485e-08,6.38786154632396e-06,8.05534950748126,"UP"
"CD55",0.825008585442308,0.0597614250952381,6.06704852886899,6.47011108769053e-08,6.50066784101668e-06,8.02143137822116,"UP"
"SLC22A15",0.560240090662821,0.0589920938031746,6.06453353176985,6.53613284748327e-08,6.50066784101668e-06,8.01173969196435,"UP"
"MYST3",0.556044239229487,0.0630979719968254,6.06423319008319,6.54406161859453e-08,6.50066784101668e-06,8.01058238141512,"UP"
"CTBS",0.676528639239744,0.0416751994222222,6.06107867216528,6.62791548563643e-08,6.54894457772247e-06,7.99842798425593,"UP"
"KIAA1434",0.611637756621795,0.0199994235396825,6.05650866739195,6.75128555444375e-08,6.63554923065328e-06,7.98082277483955,"UP"
"TSC22D3",0.753346325519872,0.0522595820063492,6.04664361267036,7.02539965841573e-08,6.8627756571487e-06,7.94283169662279,"UP"
"EIF3S5",-0.53238482968718,0.0342676630984127,-6.04555328079215,7.05636385936371e-08,6.8627756571487e-06,7.93863379438381,"DOWN"
"C9orf132",-0.53341759906282,-0.00187982124126984,-6.02662811378041,7.61584586206072e-08,7.30134137053518e-06,7.865803235856,"DOWN"
"FLJ22662",0.726520308570513,-0.00952273353968255,6.0184456765664,7.87112862492286e-08,7.39581944111309e-06,7.83433414131512,"UP"
"TNFRSF7",-0.624752757328205,-0.00843406338412698,-6.01806715194909,7.88314087715542e-08,7.39581944111309e-06,7.83287865172722,"DOWN"
"NFIL3",0.76346392918141,-0.0325137343698413,6.01392548147905,8.01576507496653e-08,7.48245487600896e-06,7.81695492722383,"UP"
"PPP3CC",-0.575705891878205,-0.0388315402222222,-6.00788512971828,8.21315524211712e-08,7.54345739233553e-06,7.79373676856384,"DOWN"
"CLEC4D",0.76042041024359,0.133025386936508,6.00785607645285,8.21411618749203e-08,7.54345739233553e-06,7.79362510831185,"UP"
"HLX1",0.588869736411539,0.00604537997142857,6.00598844637718,8.2761225569014e-08,7.54345739233553e-06,7.78644757638776,"UP"
"WBSCR18",-0.677599327724359,-0.110053571746032,-6.00574741382879,8.2841586349938e-08,7.54345739233553e-06,7.78552130465442,"DOWN"
"C3AR1",0.514770436092308,-0.0122755166809524,6.00333529797928,8.36500547928012e-08,7.5799191113711e-06,7.7762522865493,"UP"
"LILRB2",0.622610955121154,-0.0371337205809524,5.99388005289061,8.68951246551986e-08,7.83574677473286e-06,7.73992888080833,"UP"
"USP15",0.583212014744658,-0.0210923587195767,5.98888662384187,8.86588160986883e-08,7.95616506207359e-06,7.7207526277488,"UP"
"SKAP1",-0.537088385191667,-0.00223338377936508,-5.98758070872338,8.91258800619745e-08,7.9596266732271e-06,7.71573827765189,"DOWN"
"SIRPG",-0.589414891294516,-0.0106862131287478,-5.98001424554765,9.18803406141309e-08,8.14773260561609e-06,7.68669132756156,"DOWN"
"ADM",0.827397427626923,-0.0810413025047619,5.97939521564384,9.21093802314481e-08,8.14773260561609e-06,7.68431539511737,"UP"
"GIMAP6",-0.587980329075641,0.00214038282222223,-5.97517136604834,9.36873380828335e-08,8.23616172007062e-06,7.6681054937146,"DOWN"
"RALBP1",0.568170025093661,0.0494211666419753,5.97104185249244,9.52558925625537e-08,8.26856757122429e-06,7.6522608136126,"UP"
"RAB31",0.653020258499359,-0.0133502039777778,5.96471223008634,9.77106880580674e-08,8.43322987707765e-06,7.62798059296032,"UP"
"DEXI",-0.564135973788462,-0.0371197498095238,-5.96382228303301,9.80608125241587e-08,8.43322987707765e-06,7.62456738280969,"DOWN"
"PGCP",0.504880963143875,0.0190294587107584,5.95469426376987,1.01724374587567e-07,8.70798148543156e-06,7.58956725848628,"UP"
"DCP2",0.546714497660577,0.0146772546714286,5.94497899197557,1.05772374638153e-07,8.97181566793762e-06,7.55233254589407,"UP"
"LOC153222",0.574552615757692,0.047073452052381,5.93638362900258,1.09486291250282e-07,9.23315494491579e-06,7.51940482568695,"UP"
"FAM102A",-0.642862038867308,0.000350949171428572,-5.93443833184119,1.10344551990273e-07,9.23315494491579e-06,7.51195458599211,"DOWN"
"ITPR3",-0.729468928892308,-0.0749865879333333,-5.93094581260202,1.11902167865817e-07,9.31409881244178e-06,7.49858048696205,"DOWN"
"PTEN",0.58409704166218,-0.0187510537746032,5.92981054388362,1.12413148572519e-07,9.31409881244178e-06,7.49423363870822,"UP"
"FAIM3",-0.817630958775641,-0.0131984795396825,-5.92891883817943,1.12816119336746e-07,9.31409881244178e-06,7.49081954482182,"DOWN"
"AXIN2",-0.683781935346474,0.0068418232968254,-5.9277944707432,1.13326268525591e-07,9.31481754040437e-06,7.48651486967683,"DOWN"
"APAF1",0.620678192675962,0.0567473525666667,5.9260704392256,1.141129307803e-07,9.33815771883198e-06,7.47991483056107,"UP"
"SERPINB1",0.548392011803846,0.0085731067952381,5.9135291003407,1.20000229540766e-07,9.73416709148154e-06,7.43192045698005,"UP"
"BCL6",0.887145173314744,0.0594476776650794,5.89844455396043,1.27480249608592e-07,1.02513987737195e-05,7.37423363093627,"UP"
"FLJ10379",0.511257642429487,0.0505338896825397,5.8932235139188,1.30175119680091e-07,1.0422987168868e-05,7.35427743849159,"UP"
"NPTN",0.534925872916026,0.0229797154539683,5.87923779058899,1.37674494570115e-07,1.08573624999883e-05,7.30084656400226,"UP"
"PACSIN2",0.608636271990385,0.034451529,5.87391130013685,1.40641570290884e-07,1.10234506739386e-05,7.2805074151012,"UP"
"ATP6V0E2L",-0.719969376690064,-0.154881882839683,-5.8694572718304,1.43171093212117e-07,1.11745639811273e-05,7.26350405544347,"DOWN"
"MMP9",1.40361506798718,0.231974727396825,5.86213838091769,1.47425599038373e-07,1.14445833526715e-05,7.23557255370727,"UP"
"MGC2463",-0.70312502560641,0.0695795332555556,-5.86023451397137,1.48552649337332e-07,1.14445833526715e-05,7.22830846276293,"DOWN"
"IL17R",0.643049333982372,0.140646032611111,5.85978569782982,1.48819576902536e-07,1.14445833526715e-05,7.22659613667826,"UP"
"GNAI3",0.578905347970192,0.00344819865238096,5.85932338945026,1.49095024297292e-07,1.14445833526715e-05,7.22483237690485,"UP"
"PYGL",0.939005076974359,-0.0570190711587302,5.85768205205966,1.50077022667981e-07,1.14725546217301e-05,7.21857082981243,"UP"
"STXBP5",0.519011368682692,0.0960167586666667,5.85539967045518,1.51453182380098e-07,1.15303045733308e-05,7.2098646534499,"UP"
"SNRPN",-0.591594890619231,0.0293394261047619,-5.84781779959245,1.56114776625063e-07,1.18366860840292e-05,7.18095098477577,"DOWN"
"IGF2R",0.858525621619872,0.139373673163492,5.84146019766547,1.60132702231501e-07,1.20831072220464e-05,7.15671499646391,"UP"
"GAB2",0.550697612195513,0.107358491936508,5.8406285735937,1.60665777554127e-07,1.20831072220464e-05,7.15354534174367,"UP"
"PILRA",0.500116843596154,0.0824999008571429,5.83578033717769,1.63808605862546e-07,1.22697929939623e-05,7.13506953812226,"UP"
"WAS",0.537386276444444,0.0736056822751323,5.83359189867389,1.65247063362842e-07,1.23278291125628e-05,7.12673132908825,"UP"
"NDUFS8",-0.519670741396795,0.0284987760412698,-5.82898643682253,1.68315111931772e-07,1.25064860769784e-05,7.10918714827756,"DOWN"
"IL32",-0.751623501882051,0.0584822949063492,-5.81659439151788,1.76852581941196e-07,1.29850338424492e-05,7.06200197270222,"DOWN"
"MT1X",-0.640006744185541,0.022307120712522,-5.81076778317947,1.81013291975669e-07,1.31862859283923e-05,7.0398268622765,"DOWN"
"AQP9",0.72742703699359,-0.039461890968254,5.80760227759737,1.83314119156182e-07,1.33017307712704e-05,7.02778239496755,"UP"
"MIR16",0.579089387602564,0.108527967111111,5.79677252137164,1.91406254716494e-07,1.38348738817649e-05,6.9865917742755,"UP"
"ANKRD36",-0.500362530973718,0.0134927621650794,-5.79223490911289,1.94900772723214e-07,1.40328556360714e-05,6.9693403386352,"DOWN"
"RTN4",0.512522700057692,-0.00314697073809524,5.78868600558614,1.97677703826502e-07,1.41778418003131e-05,6.95585083461828,"UP"
"GRN",0.737210749236539,0.00866273467619048,5.76867204434291,2.14085326425513e-07,1.52369694393882e-05,6.87982640988697,"UP"
"ICOS",-0.592460652537749,-0.0406962338977072,-5.72400915853669,2.55704291283578e-07,1.75960337653789e-05,6.71047777498788,"DOWN"
"LENG4",0.670069367789886,0.0281325093104056,5.72361309362035,2.5610696437506e-07,1.75960337653789e-05,6.70897793097118,"UP"
"DUSP1",0.752337926149216,0.0913666789435626,5.72170731331734,2.58053308989232e-07,1.76235230433234e-05,6.70176147607808,"UP"
"CYP1B1",0.883002405889103,0.0729229948539683,5.718475405659,2.61387429371486e-07,1.7785834754596e-05,6.68952529266488,"UP"
"MLSTD2",0.561804611638889,-0.0549206624338624,5.70653138153,2.74082173639569e-07,1.831421027888e-05,6.64432431242833,"UP"
"EIF2AK2",0.8878366824,0.187724607942857,5.7023024623765,2.78721182135304e-07,1.85574361266861e-05,6.62832787206182,"UP"
"MME",0.956293762734616,0.112667215580952,5.69768480546378,2.83875133599186e-07,1.88256636713948e-05,6.61086547064503,"UP"
"DNAJA3",-0.562813727610256,-0.0280861857111111,-5.69660932400154,2.85088957474221e-07,1.88256636713948e-05,6.60679904144369,"DOWN"
"PTPRCAP",-0.760008463253205,0.0384441718253968,-5.69450992304528,2.87473184119212e-07,1.88696179088285e-05,6.59886187575246,"DOWN"
"FAM63A",0.77660265038141,-0.0195233834603175,5.6920490601708,2.90292966360531e-07,1.89876131799762e-05,6.58955937716631,"UP"
"SERPINA1",0.622428330470442,0.147063195611993,5.68579284216531,2.9758511923659e-07,1.92611190764421e-05,6.56591579834795,"UP"
"PLEKHA1",-0.652789578885684,-0.0657819192010582,-5.66895693123974,3.18118388470665e-07,2.030710372588e-05,6.50233255937169,"DOWN"
"IRAK3",0.831653339848718,0.0417096224063492,5.65964475374672,3.30069501887799e-07,2.08550036294821e-05,6.4671910453134,"UP"
"SART2",0.629784723466026,0.0221732810825397,5.65499193260694,3.3620569393466e-07,2.1099178954494e-05,6.44963993915686,"UP"
"PCSK7",-0.547791225441026,-0.0249593946777778,-5.65209705535869,3.40080124115568e-07,2.11990885421839e-05,6.43872251821023,"DOWN"
"CEBPD",0.712815729913462,-0.00970757811904762,5.64538668486562,3.49231258153084e-07,2.16967219112096e-05,6.41342307249913,"UP"
"DEGS1",0.57518305600609,0.0275170564079365,5.64449523451046,3.50465086196304e-07,2.17007981372752e-05,6.41006289517266,"UP"
"STAT3",0.563928356779487,0.0904051280777778,5.63856381944572,3.58784731285823e-07,2.19236354222548e-05,6.38770999836495,"UP"
"TMEM49",0.64014940175,-0.0479731004285714,5.63114392267262,3.69466816458344e-07,2.23457049318134e-05,6.3597589819878,"UP"
"BCL11B",-0.742019467217308,-0.00568869194285714,-5.63048135169273,3.70435803425675e-07,2.23457049318134e-05,6.35726366670423,"DOWN"
"CD2",-0.691002457923077,-0.0370231913333333,-5.63043497541356,3.70503720876321e-07,2.23457049318134e-05,6.3570890123004,"DOWN"
"FOS",0.645390842208974,0.0158153758079365,5.62879053483908,3.72919935300581e-07,2.24186431007883e-05,6.35089632078086,"UP"
"E2F3",0.617762613944872,0.0149077864825397,5.61381662888827,3.95648581267314e-07,2.34810480690787e-05,6.29453571424535,"UP"
"ITPK1",0.616282907045228,0.0944155051410935,5.60464416698084,4.10240219190185e-07,2.42694978078882e-05,6.26003691576481,"UP"
"CXCL16",0.73885212779968,0.0897455578968254,5.58592434458896,4.41685559415253e-07,2.58824951157657e-05,6.18969020069453,"UP"
"ROD1",0.681841319021724,-0.0884544409329806,5.57797596410008,4.55744943645935e-07,2.66223838778833e-05,6.15984610094492,"UP"
"EMR3",0.705347791842949,-0.0204197233174603,5.56935765261632,4.71487908461722e-07,2.7369873086203e-05,6.12750347423117,"UP"
"SERINC1",0.559458829335256,0.0595789987968254,5.56806974476702,4.73886087962956e-07,2.74233893146414e-05,6.12267175385349,"UP"
"C9orf45",-0.671067810028205,-0.022958252184127,-5.56296376714745,4.83512658907614e-07,2.78192118428325e-05,6.10352003359254,"DOWN"
"F5",0.722696965996795,0.137253836634921,5.5626845493818,4.84044604193235e-07,2.78192118428325e-05,6.10247291082358,"UP"
"H2AFJ",0.518072980146368,0.123013093227513,5.55583754052066,4.9727099724365e-07,2.82486423388319e-05,6.07680108020502,"UP"
"SLC16A3",0.589795353539886,0.0634752805379189,5.54626207897929,5.16367032432271e-07,2.89789546660479e-05,6.04091817376217,"UP"
"CD97",0.61237751570641,0.0955242479730159,5.54281259466176,5.2342176341889e-07,2.92863936062328e-05,6.02799704579833,"UP"
"CSPG2",1.06322479535506,0.128804831035273,5.535324613588,5.39064256569858e-07,3.00710439340591e-05,5.99995835032293,"UP"
"NT5C3",0.664278265176282,0.0148123123174603,5.52994893269665,5.50577216573055e-07,3.05361009063935e-05,5.97983752670801,"UP"
"SNRPF",-0.623026567903846,-0.106891722047619,-5.5291390562379,5.5233257453425e-07,3.05361009063935e-05,5.97680682033908,"DOWN"
"HECW2",0.669069837429487,0.127852532920635,5.52722953329553,5.56493201378427e-07,3.0674829996456e-05,5.96966166669179,"UP"
"ABCA1",0.860698758557692,0.079977158952381,5.5257451581972,5.59748794163665e-07,3.0684524614489e-05,5.96410796701988,"UP"
"OBFC2A",0.550456460976923,-0.00756533760952381,5.51568455068524,5.82313994863248e-07,3.16288443525722e-05,5.9264809894754,"UP"
"CCR7",-1.07288919089316,-0.260285521291005,-5.51176889688607,5.91336698421988e-07,3.19324034359694e-05,5.91184302470176,"DOWN"
"TBXAS1",0.514286945705128,0.0191836267460317,5.50000669889367,6.19276054590558e-07,3.30565287071098e-05,5.86789485469939,"UP"
"FAM113B",-0.718509477244231,-0.0327235553428571,-5.47879863842169,6.72975401190151e-07,3.53777512091539e-05,5.78873985833045,"DOWN"
"DYSF",0.93252839703109,0.210655408922222,5.47733536148512,6.76845087406207e-07,3.53777512091539e-05,5.78328259483647,"UP"
"TCEA3",-0.589215356377885,0.0189775249571429,-5.47690122463908,6.77997385360616e-07,3.53777512091539e-05,5.78166359285816,"DOWN"
"CD58",0.655708171173077,0.0219963052380952,5.46591956926759,7.07796155988551e-07,3.65222816490092e-05,5.74072605948457,"UP"
"SLA",0.724328846954772,0.00697631490652557,5.4648521567159,7.10760427909376e-07,3.65736446228382e-05,5.73674856523957,"UP"
"RAB11FIP1",0.606318170051282,0.0908758528888889,5.46194773528633,7.18888196304864e-07,3.67880637315679e-05,5.72592728874677,"UP"
"TRIB2",-0.601415268098077,-0.0372349859333333,-5.44476261303596,7.68885382856855e-07,3.84981532936629e-05,5.66194277751822,"DOWN"
"HIST2H2AA3",0.783147608091667,0.126647388693651,5.44023810470517,7.82608073658592e-07,3.90799128394678e-05,5.64510939526272,"UP"
"LIME1",-0.646364731602564,-0.171070215468254,-5.43886657757619,7.86815277076719e-07,3.91846664530218e-05,5.64000767704738,"DOWN"
"SLC40A1",0.666637596859616,0.0171418646285714,5.4334903094756,8.03522858404223e-07,3.98033083139116e-05,5.62001402536125,"UP"
"MAN2A2",0.521324962785257,0.0597298502539683,5.42471509644005,8.31546156693324e-07,4.09705696505572e-05,5.58739607488112,"UP"
"TLR4",0.617675354581553,0.0905135804268078,5.4240516736461,8.33703452191571e-07,4.09705696505572e-05,5.58493090181497,"UP"
"OSBPL1A",0.582874856931268,0.0819583612610229,5.41870681434699,8.51285771554135e-07,4.17242334891546e-05,5.56507440375151,"UP"
"MFGE8",-0.697907296576923,-0.0196368498869048,-5.41619973880467,8.5965819924574e-07,4.20237123926023e-05,5.55576300062237,"DOWN"
"PHF21A",0.548733518135897,0.0314988095603175,5.41540619971356,8.62325079882907e-07,4.20434401152359e-05,5.55281609611901,"UP"
"MGAM",0.725876438153846,0.150298170678571,5.41032634682102,8.79591035617179e-07,4.2550216347981e-05,5.53395530969653,"UP"
"CD79B",-0.748319852696154,0.0933853078190476,-5.40649874379475,8.92824973714496e-07,4.3078225225248e-05,5.51974838141958,"DOWN"
"IL7R",-0.83268539323718,-0.12167328468254,-5.38626633429199,9.66100354516617e-07,4.57813270038283e-05,5.44471524062406,"DOWN"
"C3orf17",0.519750858139744,0.0557631339793651,5.38305611923647,9.78258130758808e-07,4.62394988218209e-05,5.43281983563287,"UP"
"SORL1",0.741686009668911,0.0854497766206349,5.37736194392172,1.00019447063407e-06,4.68000314521373e-05,5.41172684101514,"UP"
"KIAA1147",-0.550103303717949,0.00527078876984127,-5.3615414140928,1.06371276261037e-06,4.93076331694973e-05,5.35316778533535,"DOWN"
"IRS2",0.791597240983974,0.15327094131746,5.36137450980123,1.06440357994016e-06,4.93076331694973e-05,5.35255035076192,"UP"
"APBB1IP",0.579185988277885,0.0633879717,5.36044748870803,1.06824856035932e-06,4.93532914531061e-05,5.34912112623711,"UP"
"EEF1G",-0.601991558939744,-0.129035046998413,-5.35802130286829,1.0783763511007e-06,4.93532914531061e-05,5.34014729690764,"DOWN"
"KIAA1539",0.563556989983974,0.0338536577222222,5.35605731568444,1.08664385251509e-06,4.93532914531061e-05,5.3328841722441,"UP"
"VMD2",0.596102968596795,0.0656992131253968,5.34936579356744,1.11528277705832e-06,5.05150869304221e-05,5.30814565651548,"UP"
"CD1D",0.542742209492949,0.026797648168254,5.34881736702622,1.11766261457814e-06,5.05150869304221e-05,5.30611865953662,"UP"
"RPS4X",-0.652192201070513,-0.0767828683174603,-5.34030717590025,1.15523791086663e-06,5.15858159429292e-05,5.27467516793589,"DOWN"
"TAOK1",0.771476563782692,0.193709250819048,5.33931101611648,1.15971667179487e-06,5.16475964230793e-05,5.27099582833381,"UP"
"FNBP4",-0.550864554075641,-0.0373030352015873,-5.33721888462772,1.16917859542234e-06,5.18345145311824e-05,5.26326936380022,"DOWN"
"GNS",0.647849393442308,0.108579139761905,5.33314059530858,1.18784183641221e-06,5.22917997748155e-05,5.24821120869785,"UP"
"CD3D",-0.721517789608974,-0.0390371351746032,-5.32787299731782,1.21238158674922e-06,5.28666675010647e-05,5.22876847081317,"DOWN"
"FBN2",0.542785243047756,0.0983783553920635,5.32351172273223,1.23307565708316e-06,5.35177883317215e-05,5.21267668079512,"UP"
"CD8B",-0.617067538573362,0.0482077925379189,-5.32265045577295,1.23720319468333e-06,5.35717635068473e-05,5.20949947696269,"DOWN"
"MAP3K2",0.741437600520656,0.0198896503950617,5.3213487783448,1.24346714111499e-06,5.37177804961677e-05,5.20469798747419,"UP"
"NUP214",0.575937445649359,0.0456975457746032,5.31797414320998,1.25985212386915e-06,5.39757437109409e-05,5.19225214312084,"UP"
"PASK",-0.698956511260684,0.109413183386243,-5.31772683567899,1.26106119565829e-06,5.39757437109409e-05,5.19134018124675,"DOWN"
"THOC3",-0.584270942944872,0.0586686383746032,-5.31664644945321,1.26635652679297e-06,5.40777904407041e-05,5.18735638585419,"DOWN"
"TRIB1",0.603053807397115,0.0327551722809524,5.31558122919433,1.27159891874392e-06,5.41771135655665e-05,5.18342882540754,"UP"
"GAA",0.525499799189103,0.0738609442063492,5.30632926978243,1.31803797114769e-06,5.57719210752608e-05,5.14932910737733,"UP"
"C9orf142",-0.613208264808333,0.00618273016507936,-5.30210664318103,1.33978301983048e-06,5.64349418965329e-05,5.13377368587994,"DOWN"
"ACSL4",0.663857246211538,0.0943239559047619,5.28896375237269,1.40974524150031e-06,5.85848492306704e-05,5.0853890337233,"UP"
"MANSC1",0.743742041655128,0.0327706683222222,5.2747192496024,1.48962698197839e-06,6.1084571340465e-05,5.03300296270729,"UP"
"GPR97",0.641879195519231,0.0844041887857143,5.2657136782329,1.54240630535274e-06,6.29708561060054e-05,4.99991298021155,"UP"
"EDG4",0.508909910066667,0.0114651428031746,5.2596381846452,1.57904640430468e-06,6.40444672628028e-05,4.9776020963011,"UP"
"GYG1",0.589280551683405,0.0703333745308642,5.25787413590003,1.58984425952483e-06,6.43348209676428e-05,4.97112596911748,"UP"
"ROCK1",0.511519037259615,0.0541307532380952,5.256134372959,1.60056448116819e-06,6.44947631283739e-05,4.96473985811665,"UP"
"BANF1",-0.612484301317628,-0.0189438349888889,-5.25157223687806,1.62901417331323e-06,6.54990633841268e-05,4.94799777788077,"DOWN"
"PPP4R1",0.54238226038141,0.0868504181111111,5.24858519993406,1.64790990473606e-06,6.61157114263005e-05,4.93703916675374,"UP"
"CTAGE5",0.537408185403205,0.0314760460222222,5.24373000024119,1.67908372890912e-06,6.6646708009008e-05,4.91923217587514,"UP"
"MOSC1",0.788088191001923,-0.00316021771904761,5.22454415208031,1.80803646123153e-06,7.08567200502888e-05,4.84893154172931,"UP"
"ELOVL5",0.699549432875321,0.0442254457984127,5.22243022933602,1.82282597693225e-06,7.11987795973638e-05,4.84119215724407,"UP"
"MYADM",0.709918397965456,0.070260153372134,5.22041599745399,1.83702850416306e-06,7.15401289168409e-05,4.83381894882403,"UP"
"BASP1",0.751806468392308,0.0605452554095238,5.21967081676319,1.84231032307881e-06,7.15957250240836e-05,4.83109146851963,"UP"
"CDC25B",-0.590864696544872,0.00900969367460317,-5.20959588358436,1.91520150906222e-06,7.39403458596006e-05,4.79423129284966,"DOWN"
"BEX2",-0.577641368060897,-0.000982665936507938,-5.17789257046185,2.16353533661981e-06,8.15209582414798e-05,4.67843347202508,"DOWN"
"SH3GLB1",0.608463374271474,-0.0282108994587302,5.17665915592321,2.1738099005681e-06,8.17422929412005e-05,4.67393430020037,"UP"
"TLR2",0.634176127601282,0.121879862265079,5.17248045427158,2.20897637371362e-06,8.2896858824453e-05,4.65869481868093,"UP"
"TLR8",0.626302328116026,0.0302781236492063,5.14242046126807,2.47893342750278e-06,9.1548046420063e-05,4.54921990708656,"UP"
"PBEF1",0.728113306167023,-0.0307585412028219,5.13680645273167,2.53282083649963e-06,9.26174800370417e-05,4.52880415846463,"UP"
"RFX2",0.518213829825855,0.00664569927513228,5.1323566892655,2.57634766083465e-06,9.40240356535646e-05,4.51262897963598,"UP"
"DACH1",0.503234170532051,0.0396314205079365,5.12804432449276,2.61923009067343e-06,9.4843700125438e-05,4.49695892779551,"UP"
"FGR",0.514716630288462,0.0662364473809524,5.12190237012498,2.68151682587427e-06,9.67023143605209e-05,4.47465027187891,"UP"
"NCF1C",0.57019491719391,0.122626321611111,5.10640183156119,2.84524091096624e-06,0.000101640759927132,4.41840031221864,"UP"
"FBL",-0.572710134565385,-0.0617063667904762,-5.10478483707807,2.8628746636887e-06,0.000102074394918774,4.4125365957579,"DOWN"
"STX11",0.623000326833654,0.0227708680047619,5.09170869447097,3.00946517071872e-06,0.000106851032277001,4.36514780720471,"UP"
"FLJ10357",0.711922978076282,0.0923834488984127,5.09130542743096,3.01410103968284e-06,0.000106851032277001,4.36368717242171,"UP"
"MAFB",0.642740368309295,0.0837381172301587,5.08650319473387,3.06984733171018e-06,0.000108619969588283,4.34629730055315,"UP"
"C1orf19",-0.549598269285898,-0.0249252084507937,-5.0777708892163,3.1738166270736e-06,0.000111682153256921,4.31469399320689,"DOWN"
"PLXNC1",0.599680839580769,0.124306993847619,5.07399709599149,3.21980925999829e-06,0.000113064606453173,4.30104343766356,"UP"
"KYNU",0.602428656014103,0.0636483339015873,5.05378943412362,3.47742330002426e-06,0.000120741336862151,4.22802343122824,"UP"
"FCGR1A",0.75738784470641,0.151821585511111,5.05229003064058,3.49732344146748e-06,0.000121009200352625,4.22261042965969,"UP"
"TXNDC13",0.671118642701923,0.00491656190476191,5.04805636938615,3.55411697431028e-06,0.000122613983121479,4.20733026776056,"UP"
"VPREB3",-0.9467418837,0.0182976077095238,-5.04453442633354,3.60205062479763e-06,0.000123681501675121,4.19462311930153,"DOWN"
"MAX",0.628635258804167,0.0989994077412698,5.04073693729049,3.65444406714031e-06,0.000125043440822806,4.18092616077403,"UP"
"CREG1",0.563463161375356,0.0854676961463845,5.04068411420699,3.65517809898705e-06,0.000125043440822806,4.18073566796901,"UP"
"C17orf49",-0.535609210382051,0.0259670785730159,-5.03866752949845,3.68330890731433e-06,0.000125774165923292,4.17346403187525,"DOWN"
"NOV",0.578175026467308,0.0473945540857143,5.02460344811529,3.88548232322391e-06,0.000132191794205508,4.12278575746742,"UP"
"CA4",1.08353324825641,0.125967494117064,5.0232757986636,3.9051196293087e-06,0.00013241851075858,4.11800495605997,"UP"
"LILRB3",0.675244594963141,0.0544449788492064,5.01247927850416,4.06846177834432e-06,0.000136418314069538,4.07914797627712,"UP"
"TMEM91",0.64858844659359,-0.0378248742444444,5.01076509335636,4.09500409521753e-06,0.000137060893824794,4.07298198555078,"UP"
"LEF1",-0.757344847397756,-0.0907405529253968,-5.00751782703818,4.14575016727592e-06,0.000138456489541834,4.06130401028919,"DOWN"
"GZMM",-0.637462761044872,0.0468776011269841,-5.00714550893357,4.15160770213185e-06,0.000138456489541834,4.0599652770182,"DOWN"
"C6orf32",0.511340560648504,0.0474788545502646,4.98659629921584,4.48777799888888e-06,0.00014599818582725,3.98614594092165,"UP"
"CD46",0.538794401355769,-0.0391042806428571,4.95770461438096,5.00588126806714e-06,0.000159339072814846,3.88258835545128,"UP"
"ALOX5",0.641488760469231,0.046414620447619,4.92163718590751,5.73533000300106e-06,0.000180881986648128,3.75369383544984,"UP"
"SKAP2",0.901262002516026,-0.0552677440793651,4.91769071467995,5.82119349238505e-06,0.000182659612017812,3.73961641235493,"UP"
"RPAIN",-0.523815353254274,-0.0477506861693122,-4.9058588244654,6.08622403036841e-06,0.000188744069429255,3.69744210938996,"DOWN"
"ALPK1",0.584654002903846,0.037470424047619,4.89301918620713,6.38717958634824e-06,0.000195779666097156,3.65172878451425,"UP"
"LTA",-0.505537119290385,-0.00603590899523809,-4.87909093861256,6.73010689292858e-06,0.000204303417692662,3.60220247224373,"DOWN"
"GPR160",0.604531793691595,0.0889147196067019,4.87831321198341,6.7497768650901e-06,0.000204541362228244,3.59943895325921,"UP"
"SAP30",0.760448930937821,0.210222687346032,4.86970575516833,6.97126082110339e-06,0.000209707197372517,3.56886754127586,"UP"
"M6PRBP1",0.528448896438462,0.103417918561905,4.86268913338038,7.15705113012156e-06,0.000213744986805688,3.54396501875555,"UP"
"EGFL5",0.554551763238782,0.0787629311507936,4.85847608369062,7.27092251884048e-06,0.000216103450735969,3.52902066520099,"UP"
"MAP4K1",-0.557933195447116,0.0468840505,-4.85114388208407,7.4733349401535e-06,0.00022141095669584,3.50302668326415,"DOWN"
"CRIP2",-0.529029860549501,-0.0709454781199294,-4.84660167455758,7.60147775425053e-06,0.000223779795186938,3.48693299471135,"DOWN"
"CLEC4E",0.664460979176923,0.0159354392761905,4.84614794908847,7.61439537215516e-06,0.000223789814931831,3.48532577059324,"UP"
"NELL2",-0.798089054730769,-0.00326098928571428,-4.83406035902228,7.96653650675163e-06,0.000231922940892002,3.44253424461095,"DOWN"
"ARID3A",0.590198674400997,0.113420293828924,4.83237998065889,8.01673263729174e-06,0.000232322660640143,3.4365895008411,"UP"
"ADAM8",0.51357753289968,0.0196680878587302,4.82226800718584,8.32538470432534e-06,0.000240143394825384,3.4008366379797,"UP"
"IBRDC2",0.605922722135897,0.0601394237984127,4.81424076635746,8.57863922233363e-06,0.000246682356337569,3.37248008670967,"UP"
"DSC2",0.789118159714744,0.125037242460317,4.80959884183077,8.72850595686975e-06,0.000250603905185182,3.35609256770534,"UP"
"PLSCR1",0.508336573050641,0.0430074625301587,4.80451446865592,8.89559135848494e-06,0.000254413083570483,3.33815171547023,"UP"
"RAB32",0.527369183021474,0.0738845497793651,4.7979843572134,9.11477438545647e-06,0.000257052350617876,3.31512270130562,"UP"
"HIST2H2AC",0.628066368538141,0.136537467868254,4.7965444566311,9.16380942922705e-06,0.000257529385714556,3.31004678245815,"UP"
"CEACAM1",0.606088905190385,0.133919909447619,4.79482336322301,9.22275830439495e-06,0.000258404160275174,3.30398056417543,"UP"
"ACSL1",1.07870183327244,-0.115663491200397,4.7849991961934,9.56639892194937e-06,0.000266424927097648,3.26937401450342,"UP"
"LMNB1",0.620798493578846,0.0900926404,4.77337274828171,9.98924984121857e-06,0.00027736966375258,3.22846291013863,"UP"
"F13A1",0.743704485873077,0.0991312180047619,4.76182582661164,1.04272420496608e-05,0.000286957701206667,3.18787924483334,"UP"
"GALNAC4S-6ST",0.653684136271795,0.00626456083492064,4.74447362709899,1.11208826299667e-05,0.000303796346668032,3.12698167038974,"UP"
"RYBP",0.53672424395641,0.0714842059730159,4.74401028449381,1.1140008227479e-05,0.000303871942487003,3.12535705255489,"UP"
"S100A12",1.21601349310897,-0.166548772111111,4.73840533716812,1.13739231004624e-05,0.000308039036535147,3.10571056511427,"UP"
"CDC42",0.704020033137108,-0.0013868499329806,4.73774881470155,1.14016336575277e-05,0.000308292207892626,3.10341006176156,"UP"
"SCAP1",-0.587227044924359,-0.038187661384127,-4.73614254092519,1.14697093491855e-05,0.00030923268631418,3.09778221651417,"DOWN"
"MS4A6A",0.508204530641026,0.0279183073492064,4.73529351105019,1.15058521874723e-05,0.000309309276750341,3.09480787725189,"UP"
"NDUFA12",-0.519069795551282,-0.0610995625555555,-4.72954680897762,1.17534240261776e-05,0.000313863593796749,3.07468277340438,"DOWN"
"LRP10",0.623931250839387,0.0490631889805997,4.72881565407332,1.17852928552757e-05,0.000314094117761264,3.07212310798845,"UP"
"KLF4",0.571909372772436,0.108169759650794,4.7168437089814,1.23192593598758e-05,0.000325522847608894,3.03023873766662,"UP"
"OSBPL8",0.584085564634615,0.18578682852381,4.70780241073545,1.27380785762103e-05,0.00033193952756134,2.99864200586175,"UP"
"OPLAH",0.534508126648077,0.0332139454380952,4.69629631089924,1.32911906344899e-05,0.000343389648437112,2.9584748188924,"UP"
"TXN",0.551038910678063,-0.025812565712522,4.68810402975334,1.36992012984983e-05,0.000352460337009562,2.92990568895654,"UP"
"CLIP1",0.543378798003846,0.0596003998952381,4.68583435914888,1.38143836514683e-05,0.000354006842279177,2.92199499744326,"UP"
"FLJ11305",-0.560117136384259,-0.0797296838747795,-4.68511894032952,1.38508853307664e-05,0.000354006842279177,2.91950187731886,"DOWN"
"ADA",-0.5397264371,0.0643565245095238,-4.68317909639587,1.39503325458142e-05,0.000354988188179514,2.91274278452449,"DOWN"
"CYB5R4",0.503309068833333,0.0401340817063492,4.68156802159801,1.40334538858574e-05,0.000356163347873869,2.90713029712799,"UP"
"CENTD3",0.614168307044231,0.0615948806285714,4.68131571642833,1.40465148861659e-05,0.000356163347873869,2.90625143086497,"UP"
"NDST1",0.58164822890641,-0.00199784042222222,4.67301200832444,1.4483043255272e-05,0.000364055495953901,2.87733991982299,"UP"
"PCNX",0.611054616437821,0.0237063257888889,4.65442838254583,1.55084293867646e-05,0.000382815466601502,2.81272926667795,"UP"
"ORF1-FL49",0.659898503704487,0.0522037546730159,4.65426282140819,1.55178750188916e-05,0.000382815466601502,2.81215423206855,"UP"
"FOLR3",1.09523281347115,0.0575975785238095,4.6519066608453,1.56529081655352e-05,0.000385634512046396,2.80397182035445,"UP"
"HSPA1A",0.875104387089031,0.0515280661622575,4.64826901619178,1.58636345700176e-05,0.000388969449751424,2.79134319729837,"UP"
"SPOCK2",-0.603971141671154,-0.0695545242666667,-4.64400937188265,1.6113906741086e-05,0.000393857804766334,2.77656153369878,"DOWN"
"IFNGR1",0.545389357286539,0.0399564679571429,4.64222938441986,1.62196240881208e-05,0.000395920810855364,2.77038670926646,"UP"
"MGC17330",-0.638565341058974,-0.0993437949888889,-4.63763767480647,1.64954642699906e-05,0.000399968717675341,2.75446346076655,"DOWN"
"FCRLM1",-0.813084232902564,0.0334521525365079,-4.63406294095661,1.67133688695563e-05,0.000402681634398026,2.74207241848658,"DOWN"
"RPLP0",-0.580698266442308,0.0323259715238095,-4.63228258320279,1.68229370852881e-05,0.000403479919090247,2.73590299569016,"DOWN"
"TNFRSF1B",0.519585744905449,0.0225338827539683,4.61987269662278,1.76063444724e-05,0.000416631152763442,2.69293275026925,"UP"
"IL1R2",0.934082565725641,0.0822112213063492,4.61808650077651,1.77219875836072e-05,0.000418301958517264,2.68675271873157,"UP"
"UGCGL1",0.556916701871154,0.102785909342857,4.6154620831975,1.78932419626e-05,0.000420263002185558,2.67767474111421,"UP"
"PTGS2",0.636068622196795,0.117071248663492,4.61093726627981,1.81922962378647e-05,0.000425234851639766,2.66202936571652,"UP"
"ANKRD22",0.757327706150997,0.10760175433157,4.61049577315011,1.82217345986894e-05,0.000425234851639766,2.6605032416668,"UP"
"KCNJ2",0.542293780586182,-4.85618130511406e-05,4.60966385292399,1.82773323516913e-05,0.00042546331549501,2.65762771762205,"UP"
"NCF2",0.693163788709402,-0.059235404989418,4.60779652320731,1.84027291614242e-05,0.00042731137112827,2.65117427428415,"UP"
"IL2RB",-0.647279201726923,-0.115313384938095,-4.60527316405081,1.85735115282426e-05,0.000430201434100542,2.6424557293136,"DOWN"
"FLJ20273",0.86767649856218,-0.0237360575365079,4.60110071545199,1.88592952461333e-05,0.000436276797624125,2.62804470905766,"UP"
"ITGB7",-0.512660571121154,0.0574108092761905,-4.58071913201846,2.03179460920709e-05,0.000461965932198664,2.55774594443241,"DOWN"
"P2RX1",0.538506680714744,0.0406030227460317,4.57965139302016,2.03973138113282e-05,0.000462637974797599,2.55406759093894,"UP"
"CAPZA2",0.578609927370513,0.00673999867936508,4.57774641879157,2.05396651416296e-05,0.000465298560574281,2.54750606409455,"UP"
"GOLGA8B",-0.629728489793804,-0.0399879614338624,-4.57620331201178,2.06556836836802e-05,0.000466788296968423,2.54219199054087,"DOWN"
"RAB8B",0.536267853003205,0.00866941503174604,4.57164784972228,2.10019179549581e-05,0.000473297650509807,2.5265095061143,"UP"
"EBI2",-0.61474630164391,-0.00758539663015873,-4.56708823585492,2.13541188693591e-05,0.000478497119562382,2.51082080149485,"DOWN"
"TBL1X",0.501401956747757,0.0590661931730159,4.56051785685977,2.18717619139424e-05,0.000486574669836401,2.48822769688077,"UP"
"GLRX",0.544106555650285,0.00828063344091711,4.55899665782605,2.19933373635864e-05,0.000488694060844475,2.48299925586301,"UP"
"SSH2",0.546722199066026,0.0867655886539682,4.55447394303315,2.23586912224533e-05,0.000494056984410131,2.46745978700632,"UP"
"CD14",0.556179532775641,-0.103391578222222,4.55016217627456,2.27124965293142e-05,0.000499298621927268,2.45265256027135,"UP"
"CD19",-0.729833430903205,0.0217876933396825,-4.54898779889164,2.28098005660768e-05,0.000500844982642368,2.44862084168232,"DOWN"
"CHSY1",0.545626306428205,0.0770594597174603,4.53645580597951,2.38737211898815e-05,0.000521126022118964,2.40563137909632,"UP"
"MTHFS",0.507750753759615,0.0330695118095238,4.52606318500115,2.4792475572398e-05,0.000536045242279432,2.37002771660915,"UP"
"MCEMP1",0.931991473871795,0.357359100373016,4.52355340662437,2.50194518179085e-05,0.000538541526036463,2.36143597142509,"UP"
"PLEKHF1",-0.526521599520513,-0.0626027797269841,-4.52202383473732,2.51587706014602e-05,0.000540913567931394,2.35620099953556,"DOWN"
"GPR30",0.647416277355128,0.0685337919460317,4.51868097284937,2.54658800664463e-05,0.00054625194932368,2.34476325902971,"UP"
"AKAP7",1.11318140165641,0.256004960863492,4.50123289266798,2.71289214590779e-05,0.000576598220851066,2.28513610798472,"UP"
"HIST1H4H",0.723300159476282,0.0604417292888889,4.49758674825543,2.74895458140096e-05,0.000582264313615783,2.27269111207008,"UP"
"SLC2A14",0.611927188858262,0.132680676024691,4.49559689463468,2.76883136942333e-05,0.00058514006278052,2.2659016030097,"UP"
"MX2",0.556885378339744,0.0845628124603175,4.48915132025885,2.83418004097193e-05,0.000595562538926409,2.24391979465489,"UP"
"CYBB",0.520386438979808,0.109502772414286,4.48502837196434,2.87676380332777e-05,0.000602466340593198,2.22986776259662,"UP"
"TSEN34",0.517967511490385,0.0557367921904762,4.48223853537907,2.90593043204082e-05,0.000605842465831541,2.22036318922784,"UP"
"USP33",0.502430328691667,0.0608482152555556,4.48022261446772,2.92718463651866e-05,0.000609589482152137,2.2134971885373,"UP"
"SLAMF6",-0.540276079201282,-0.0445623953746032,-4.47955637069929,2.93424209939984e-05,0.000610374929881875,2.21122839741907,"DOWN"
"NMI",0.500551090935256,-0.0412055564698413,4.46300453781449,3.11497584333858e-05,0.000639378909015,2.15492130877331,"UP"
"PHC2",0.637997062789743,0.0681614988460317,4.45962837109429,3.15314628181298e-05,0.000646499396588939,2.14344969468417,"UP"
"LY96",1.10319686144103,-0.11043087291746,4.45295315831158,3.22995635908658e-05,0.00065584179396232,2.12078216757609,"UP"
"FCGR2A",0.638662506411539,0.0562396166857143,4.4529075918433,3.23048687271492e-05,0.00065584179396232,2.1206274964872,"UP"
"ACTN1",0.718111687727564,0.110354845873016,4.45042746798223,3.25948999636081e-05,0.000659567387498894,2.11221022796186,"UP"
"HK2",0.85574734235989,0.152565116877551,4.44569632884732,3.31551962670429e-05,0.000670175109746015,2.09616023094394,"UP"
"SLC31A2",0.565429596503205,0.0116482744126984,4.44442481508619,3.33073652024865e-05,0.000671788942455362,2.0918482871954,"UP"
"KIAA0319L",0.549625728560897,0.115982543174603,4.44376831289715,3.33861975196872e-05,0.000671919832205535,2.08962222319483,"UP"
"ANKRD33",0.619301595623718,0.086432561368254,4.41995005721556,3.63719960757862e-05,0.000718772552238091,2.00897917948154,"UP"
"NCF4",0.517376630827244,0.0888304242269841,4.41225439073636,3.73909338131579e-05,0.00073655492077695,1.98297349582887,"UP"
"LOC441268",0.55771540625609,0.129007535503175,4.40995798551899,3.77003147735012e-05,0.000737956846398902,1.97521809430749,"UP"
"PARP9",0.687652737994872,0.0893498743539683,4.40644739600099,3.81780806416932e-05,0.000742885177695691,1.9633663926885,"UP"
"CD79A",-0.737514705293803,0.116293666661376,-4.40607001454922,3.82297877686198e-05,0.000742885177695691,1.96209266308495,"DOWN"
"PRIC285",0.5874603252,0.101825213766667,4.40225045244688,3.87569647741042e-05,0.000750729278043544,1.94920429604688,"UP"
"HK3",0.585607299776282,0.00445626049841271,4.39039875274197,4.04380091722624e-05,0.000778406334696973,1.90925177381613,"UP"
"ULK1",0.522162503932051,0.0928103470650794,4.38778811693909,4.08176937151735e-05,0.000783294915757297,1.90045911467334,"UP"
"PELI1",0.502596176202564,-0.0283495875460317,4.3866649921969,4.0982099652758e-05,0.000785638269504264,1.89667729263696,"UP"
"SNX10",0.829196434185898,-0.0138814271111111,4.38033672666514,4.1920517496199e-05,0.000798682597958352,1.87537844177387,"UP"
"HIP1",0.509472181601852,0.0568457189082892,4.34942598534511,4.68118581967181e-05,0.000869577077862235,1.77158576272336,"UP"
"LOC90925",-0.609773541317308,0.125119072547619,-4.34656036754162,4.72923567163355e-05,0.000874234576302478,1.7619840500331,"DOWN"
"SYNJ1",0.534651569897792,0.0478173928236332,4.34362896898523,4.77888283689138e-05,0.000882430691631157,1.75216554747924,"UP"
"PFKFB4",0.551317053942949,0.0512517704587302,4.34018459728055,4.83786327112301e-05,0.000891549088535525,1.74063356202006,"UP"
"SMAP1L",0.568564496505769,0.0637503578952381,4.32862495486282,5.04100678617268e-05,0.000919859941649741,1.70196818163351,"UP"
"CD247",-0.589972959497436,-0.219307278046032,-4.32229875929478,5.15565328854771e-05,0.000935267729375608,1.68083219833233,"DOWN"
"SDPR",0.924225935277564,0.0964555034873016,4.32089828330785,5.1813726911378e-05,0.000939016381566593,1.67615549703853,"UP"
"TLR5",0.579814645136218,0.0546444487063492,4.31800569739606,5.2348882583454e-05,0.00094686742246372,1.66649876739887,"UP"
"PLOD1",0.564562802059936,0.0170690232555556,4.31569582533124,5.278007061337e-05,0.000951886011372777,1.65878998211782,"UP"
"FLJ42957",0.511917271178063,0.104152018335097,4.31522460424308,5.28684556987684e-05,0.000952555221203028,1.65721764839066,"UP"
"ECHDC3",0.806394934594872,0.108737944273016,4.30881575660388,5.40848604011122e-05,0.000970705668416483,1.63584262100879,"UP"
"C12orf57",-0.600209828355769,-0.075315037047619,-4.30598549494981,5.46306315730086e-05,0.00097861004059808,1.62640867682117,"DOWN"
"F2RL1",0.628589238619872,0.0485010780349206,4.28068886843272,5.97513774059634e-05,0.00105809493488387,1.54224335345214,"UP"
"RALB",0.515360032437322,-0.0124143671340388,4.27946565833507,6.00104164448892e-05,0.00106166999607644,1.53818063448329,"UP"
"ALDH2",0.526411665148077,0.103188887057143,4.27329592757945,6.1333630238382e-05,0.00107789358118088,1.51769872831892,"UP"
"ARPC5",0.576863886431731,-0.0416527349190476,4.26699719397556,6.27136139820986e-05,0.00109962738953084,1.49680578038583,"UP"
"RPL13A",-0.57681176425641,-0.050188865968254,-4.25786099658948,6.47687622857494e-05,0.00113077493253767,1.46653193924306,"DOWN"
"RNF149",0.71107659367674,-0.0553152248072562,4.25593178466819,6.52109852945564e-05,0.00113529452936427,1.46014397640186,"UP"
"KLRB1",-0.606426761967949,-0.121917907706349,-4.25362483707319,6.57436291965016e-05,0.00114077680764263,1.45250742034837,"DOWN"
"MTMR6",0.623069486777564,0.0486286129492063,4.25046084733038,6.64810000201433e-05,0.00114986131878415,1.44203767050626,"UP"
"ALDH1A1",0.726947614291026,0.179461425215873,4.23847568922075,6.93473562612549e-05,0.00119167112850053,1.40241856993875,"UP"
"EMILIN2",0.507381190751282,0.0966684857507936,4.23432174875787,7.03684120247664e-05,0.00120649917023902,1.38870184971219,"UP"
"TPST1",0.808526880689103,0.243329360634921,4.23157073839206,7.10526053284406e-05,0.00121535285136382,1.37962196876667,"UP"
"PGD",0.61220871848718,0.00514884203968254,4.2169983560816,7.47854583336045e-05,0.00127101068069994,1.33158123066417,"UP"
"HLA-DQB1",-0.880683071692308,-0.127859842,-4.20965895165958,7.67365870461008e-05,0.00129705081070825,1.30742142352272,"DOWN"
"ANXA3",0.783801287391026,0.150567037515873,4.20518432851764,7.79501721022797e-05,0.00131159637406879,1.29270375628837,"UP"
"CD3E",-0.593798223558974,-0.0970005256222222,-4.20011385734889,7.93477737043585e-05,0.00133029263928896,1.27603715169806,"DOWN"
"GAS7",0.501362976858334,0.0946865634777778,4.19862560559602,7.97625633170092e-05,0.00133604091630006,1.27114747779204,"UP"
"FPR1",0.545639307955769,0.0680323204904762,4.19624600220047,8.04301363888325e-05,0.001341176134254,1.26333133083242,"UP"
"SORT1",0.532205756047009,0.0837354125132275,4.19593984568954,8.05164162923557e-05,0.0013414107166339,1.26232590167908,"UP"
"D4S234E",-0.626085410732692,0.0609753307904762,-4.19307068617842,8.13293490910984e-05,0.00135252819043531,1.25290553500802,"DOWN"
"USP10",0.58421707759359,0.0246032238079365,4.18967523624635,8.23016430838272e-05,0.0013674734543159,1.24176199755114,"UP"
"TMEM71",0.508225082032418,0.0391354210938776,4.18934294485574,8.23973962531232e-05,0.00136784095871137,1.24067172968707,"UP"
"CD7",-0.520453617836539,-0.114230021571429,-4.18710611601741,8.30447669479854e-05,0.00137612809172683,1.23333386210393,"DOWN"
"KLHL2",0.729454505291311,0.105929314620811,4.17916371045171,8.53833354072902e-05,0.00140828087372751,1.2072973064672,"UP"
"HIST1H4C",-0.54755065315,-0.0134856163238095,-4.17891971286688,8.54561757144055e-05,0.00140828087372751,1.2064978943807,"DOWN"
"SIPA1L2",0.679002411772436,0.127027088793651,4.16882553706827,8.85227263301442e-05,0.00144753359534222,1.17344997647706,"UP"
"THBS1",0.676113045007835,0.120856174469136,4.15968962613745,9.13895380191926e-05,0.0014787909915022,1.14357945367524,"UP"
"GPR177",0.725645831015385,0.0930574142285714,4.15357781290589,9.33572077451664e-05,0.00150301807335456,1.12361776302452,"UP"
"C4orf18",0.710950623137821,0.119783817555556,4.14915642934637,9.48060729470026e-05,0.00152477715243595,1.10918783991817,"UP"
"CREB1",0.523349251995726,-0.000992675232804229,4.1482584919756,9.51029618982791e-05,0.00152795663700179,1.106258368747,"UP"
"FKBP5",0.82751716738141,0.175643696730159,4.14707002469725,9.54972898126119e-05,0.00152795663700179,1.10238162987847,"UP"
"CD8A",-0.607211384371795,0.0227983804126984,-4.14311717638354,9.68202086785978e-05,0.001546459326237,1.08949225247102,"DOWN"
"GZMK",-0.827590299542308,-0.0923388305619048,-4.13576680166258,9.93273541217218e-05,0.00157297948010665,1.06554342800104,"DOWN"
"TFDP1",0.526050109827635,0.0877633588218695,4.12946786359124,0.000101525595118846,0.00160026542928022,1.04504022749689,"UP"
"KBTBD7",0.710426919083333,-0.062889480984127,4.12724810235479,0.000102311385332973,0.00160653955532148,1.03781922525452,"UP"
"ANPEP",0.59845733822532,0.0808176349507937,4.1262606236806,0.000102662832673075,0.00160890314573083,1.0346076379937,"UP"
"TPP1",0.50440437083547,0.0507285096084656,4.12223647769011,0.000104107119965357,0.00162648768753278,1.02152454252831,"UP"
"HDAC4",0.634029477980128,-0.0382031994587302,4.08426178978079,0.00011873688568502,0.0018198485053506,0.898435029604863,"UP"
"LYST",0.528911877034188,-0.00718047816931217,4.08206107151083,0.000119642842572219,0.00183071288601444,0.891322442172498,"UP"
"RIOK3",0.524146816679487,0.163374909396825,4.07667076861086,0.000121890060334253,0.0018544060284759,0.873910957114385,"UP"
"ORM1",1.17832299899359,0.179032183996032,4.05804258810046,0.000129973480519381,0.00195023212772861,0.81384495736325,"UP"
"C11orf2",-0.511269917240385,0.00900157533333334,-4.05283246619321,0.000132325186557054,0.00197856825883434,0.797074555752942,"DOWN"
"IFIT2",0.679557704117308,0.153320674280952,4.05268728912205,0.000132391298720474,0.00197856825883434,0.796607443153855,"UP"
"HLA-DOB",-0.570223797665064,0.0828678726269841,-4.05065763134947,0.000133318921406675,0.00199078157881864,0.790077995825522,"DOWN"
"TNFRSF4",-0.550737856776282,0.107753362834921,-4.04108071416078,0.000137780982274654,0.00204100440728388,0.759295393051262,"DOWN"
"FCGR1B",0.638746627489423,0.145659162842857,4.03998034047937,0.000138302780858907,0.00204352959092404,0.755761324844185,"UP"
"FOXO3A",0.596817356664744,0.103778127774603,4.03767283166783,0.000139403188509286,0.0020519442391034,0.748352184937191,"UP"
"UBN1",0.595939199582051,0.0556512492650794,4.03304265478276,0.000141636708992642,0.00207659313831675,0.733492926103119,"UP"
"TCN1",0.746134223209758,0.164209215992945,4.02135902259934,0.000147426857526505,0.00214120508632709,0.696043339537029,"UP"
"SEMA3E",0.568899453435185,0.066988662691358,4.0156089331156,0.00015035945030796,0.00217191069122914,0.677636692083465,"UP"
"PROS1",0.611707448906731,-0.0987310570047619,4.00477768162038,0.000156036600960018,0.00223652461376026,0.64300809091171,"UP"
"SIGLEC5",0.637043462724359,0.00661430541269841,4.0038600386057,0.000156526941011935,0.00224135365106894,0.640076903802682,"UP"
"STAT1",0.543223562133333,0.14941514328254,4.00110998207379,0.000158005317960385,0.00225777445110163,0.631294964017057,"UP"
"RNF24",0.538160587035256,0.0303805794444444,3.99768266805916,0.000159866578369883,0.00227911094382114,0.620355431181039,"UP"
"IL1RAP",0.676417784198077,0.0586870125142857,3.98349633333297,0.000167797400664321,0.00236495031467407,0.575135323372889,"UP"
"MCOLN2",-0.513478203623077,0.0537042989809524,-3.96817253015526,0.000176788743338018,0.00246772641682647,0.526399900427173,"DOWN"
"RGC32",-0.572376928205128,0.0269259807301587,-3.96116528608257,0.000181052897299504,0.00250277917481586,0.504152633951805,"DOWN"
"KLHL8",0.514253645362179,0.125153503206349,3.95790066937981,0.000183073112381018,0.00252095339925114,0.493796069594613,"UP"
"TGM3",0.546505524246474,0.141730506360317,3.93288378282936,0.000199289099107283,0.0027002146644908,0.414608143642634,"UP"
"FPRL1",0.605120380085114,-0.0341641262998236,3.92376403305288,0.000205536702146263,0.00275526890396486,0.385817950604632,"UP"
"EIF2C2",0.542337104657051,0.150435599150794,3.91779369414474,0.000209728129170896,0.00280483061733518,0.366992619140626,"UP"
"S100A11",0.591106632116809,0.0121490015485009,3.91439894321911,0.000212147842653897,0.00283311166437009,0.356296430081581,"UP"
"HCG27",0.51727832963718,0.0144356691968254,3.89620144554598,0.000225582217679236,0.00298462626467912,0.299058230608972,"UP"
"DHRS9",0.596658179409616,0.114113026390476,3.86940486456433,0.000246859975083467,0.00321575799239164,0.215076588552539,"UP"
"LRG1",0.604145330198718,-0.0301675913650794,3.86152315245336,0.00025347610343104,0.00327666812618998,0.190444305911838,"UP"
"MGC13057",0.856548057896795,0.0291598320492063,3.85602514351034,0.000258191545223048,0.00332374646158236,0.173280429906239,"UP"
"PGLYRP1",0.775724414010257,0.132292038363492,3.85425484784541,0.000259727671802157,0.00334120583891749,0.167757144538172,"UP"
"ROPN1L",0.542090093128846,0.090815650252381,3.85198980862275,0.000261705872141085,0.00335967400199917,0.160692605981613,"UP"
"SESN3",0.774047233093305,0.1324882310194,3.85034013345986,0.000263155713760992,0.00337100074193003,0.155549007481721,"UP"
"P2RY13",0.629740995789744,0.149553948560317,3.84561324450663,0.000267352749368637,0.00340393740388746,0.140818538950704,"UP"
"MEGF9",0.711661575730769,0.0927698731904762,3.83872096947905,0.000273587536769265,0.00346196327181598,0.119360583354698,"UP"
"PSG9",0.525618006362179,0.0770564534920635,3.82975730895205,0.000281904673169606,0.00354010187457987,0.0914902434943112,"UP"
"LGALS2",0.534883919855769,-0.0330426582380952,3.81017424526809,0.00030092559648673,0.00372666258689166,0.0307457039634871,"UP"
"DUSP6",0.748121354758974,0.0840910059222222,3.80930813018304,0.000301794598620257,0.00373493435307788,0.0280636951332163,"UP"
"SELL",0.593861315833654,-0.0491993117095238,3.80895309374834,0.000302151512080388,0.00373686184314599,0.026964403129079,"UP"
"FCAR",0.501198172260897,0.123984504084127,3.80248757730036,0.00030872230444355,0.0037978977002274,0.00695681367781198,"UP"
"HIF1A",0.921840131171296,0.207506641839506,3.76307250586721,0.000351834266526074,0.00419222151057623,-0.114541164328496,"UP"
"MPZL1",0.524323893139744,0.0616188010746032,3.75852446150172,0.00035716413722036,0.00423941278786288,-0.128508115125961,"UP"
"TDP1",0.578866826458974,0.034559597331746,3.73942557886032,0.000380400360997472,0.0044485771446701,-0.187040933220653,"UP"
"PIK3CG",0.507036699644587,-0.00337976406525573,3.73621688891722,0.000384443172921461,0.00447737704087089,-0.196855695047621,"UP"
"HP",0.618321042560256,0.120993527120635,3.72762641445995,0.00039546978703909,0.00458281145604376,-0.223105311020324,"UP"
"TMEM154",0.551170002513462,-0.105986069961905,3.72535058174414,0.000398441232444038,0.00461436679169604,-0.230052900648358,"UP"
"C1orf24",0.560858305308333,0.0369173579825397,3.72088834369785,0.000404329348516037,0.00466579196025098,-0.243667048403891,"UP"
"ASGR2",0.54363677457265,0.0927219455925926,3.70651414489079,0.000423866706550242,0.00484836695866829,-0.287449791136981,"UP"
"DGAT2",0.540097158252564,0.105188154453968,3.68971764146955,0.000447838071947616,0.00507568030780898,-0.338469978143265,"UP"
"NKG7",-0.587196623583333,0.00321756500793651,-3.683977797701,0.000456322218111819,0.00516238826044163,-0.355870121520179,"DOWN"
"CDA",0.585700410140385,0.101200536747619,3.6702837561704,0.000477186959143701,0.00536900360572586,-0.397311043593173,"UP"
"PTGS1",0.532221790136218,0.080479939468254,3.66163878529756,0.000490823705453173,0.00548258638153827,-0.423419978407311,"UP"
"MOSPD2",0.534031764067308,0.0667910893333333,3.64041961138272,0.000525887168638395,0.0058042049264618,-0.487331599722956,"UP"
"C14orf4",0.615781928205128,0.0479559988412698,3.62569266056494,0.000551611401667373,0.00600981430930975,-0.531543551079956,"UP"
"VNN1",0.524437222476496,0.0947772593862434,3.62461797761843,0.000553534767994566,0.00602723437882008,-0.534765190994936,"UP"
"PKN2",0.609292932480128,-0.0170255378873016,3.62218313004847,0.000557916072679466,0.00605850428387795,-0.542061917182636,"UP"
"G6PD",0.531812549807051,0.0408473974460317,3.61588462943035,0.00056940334705313,0.00615671511924269,-0.560921999275963,"UP"
"FCHO2",0.523101744063462,0.0769509013238095,3.60117979318924,0.000597104651406786,0.00638929493348644,-0.604868256193396,"UP"
"B3GNT5",0.527741002073077,-0.0179273973428571,3.59907650584613,0.00060117015043536,0.00641800960602715,-0.611144234818669,"UP"
"CD3G",-0.525164514910613,-0.0887130811887125,-3.59669439328055,0.000605806391511926,0.00645637379731816,-0.618249223942515,"DOWN"
"CYP27A1",0.513133757563462,-0.0559759720857143,3.59502120570786,0.000609083181031013,0.00647885955363526,-0.623237854101872,"UP"
"FCGR3B",1.16861370964601,0.0806886742927689,3.58807126868448,0.000622875306382696,0.00658539083173874,-0.643942472160322,"UP"
"RGS18",0.622016452660257,-0.0895655603888889,3.58427544558171,0.000630532968660571,0.00665120978185052,-0.655239255131876,"UP"
"SNAP23",0.843302340160256,-0.0100449237698413,3.54874039919208,0.000706694266505451,0.00728094991381323,-0.760603332468762,"UP"
"ZFP36L1",0.874284732252747,-0.192667688129252,3.5070243329165,0.000807250670000914,0.00810025816688795,-0.88338274016315,"UP"
"PAK2",0.601129992778205,0.173679279784127,3.48968091870401,0.00085292968972497,0.00847093891525143,-0.934135442181423,"UP"
"SULF2",0.54362539588604,0.0781597473104056,3.48408099358125,0.000868194665211035,0.00857394157414152,-0.950485754609292,"UP"
"OLFM4",1.01337918540705,0.375483428126984,3.47381536609989,0.000896852574704076,0.00879616337259922,-0.980411674439553,"UP"
"FTHL12",0.859050394626923,-0.00788475948095237,3.4582899576597,0.00094190167272852,0.00914853655239027,-1.0255547106864,"UP"
"BNIP3L",0.924483872724359,0.184383646507937,3.4534309490903,0.000956435385905349,0.00924869532981663,-1.03965441128591,"UP"
"IL18RAP",0.719702003103766,-0.000821987299603178,3.44142470786685,0.0009932626901925,0.00953682737152794,-1.07443467317361,"UP"
"APOBEC3A",1.14559689251923,0.109674628285714,3.43414751825498,0.00101623321960102,0.00970069285062101,-1.09547458031464,"UP"
"SIAH2",0.557711256807693,0.168025399142857,3.41701207917841,0.00107232183412848,0.0101113961374471,-1.14489408768699,"UP"
"C12orf35",0.617767821553846,-0.0183896169428571,3.383763680994,0.00118960106797764,0.0110545419903715,-1.24028997202319,"UP"
"CD52",-0.520900370855769,-0.072562162047619,-3.36705465724756,0.00125301600202797,0.0115571128369769,-1.28798333989702,"DOWN"
"PANX2",0.500868078244231,0.080116404752381,3.35633012570378,0.00129538491956241,0.0118888687083949,-1.31850695886052,"UP"
"LOC651423",0.521830707201923,-0.0534143096190476,3.35378088459605,0.0013056530292008,0.0119476899854355,-1.32575233706773,"UP"
"ITGA2B",0.550735984071154,0.0615868901047619,3.35290073183747,0.00130921599657071,0.0119743950528298,-1.32825297536296,"UP"
"LILRA3",0.527400053105769,-0.0216729500476191,3.32380563641024,0.00143229129699259,0.0129156520062788,-1.41065361780438,"UP"
"HMGB2",0.887064657047721,-0.0392234923633157,3.29609573277936,0.00155957378605687,0.0138814770722532,-1.48865451978567,"UP"
"SH3BGRL2",0.614944177516026,-0.00397560293650793,3.28157563457247,0.00163044868937937,0.0143942456260021,-1.5293402861591,"UP"
"RIS1",0.914956048941239,0.154580357671958,3.26401407031881,0.00172021724015604,0.0150000950982643,-1.57837550070596,"UP"
"WARS",0.50080249314359,0.0916802336603175,3.22643182498493,0.00192816098330332,0.0163863435758782,-1.68267219517199,"UP"
"DAAM2",0.503607003436218,0.13244019825873,3.21953795419868,0.00196877850214335,0.0166463493198975,-1.70170851906629,"UP"
"FLJ11151",0.734523130530449,0.131260044944444,3.17917810539757,0.00222313591961402,0.0183216383508208,-1.81255845269099,"UP"
"HEBP2",0.540118393508547,-0.00169426343915344,3.16832587384392,0.00229660475701944,0.0188352008681647,-1.84218950561521,"UP"
"TSPAN9",0.520427891704808,-0.0267793144333333,3.14465264853655,0.00246482859804935,0.0199067581912646,-1.90656791231612,"UP"
"IGF2BP2",0.709747610007835,0.147545568516755,3.14427289773362,0.00246761875336747,0.0199124613217003,-1.90759772320842,"UP"
"CEACAM8",0.852173544194231,0.10886989742381,3.14155591820101,0.00248766763041409,0.0200481188297493,-1.91496296341004,"UP"
"EVI2A",0.561889522613141,0.0268644462206349,3.1328917960213,0.00255262298046119,0.0204385881401065,-1.93841834209517,"UP"
"LOC400986",-0.559296763751923,0.1476403976,-3.10797051666548,0.00274840479383729,0.0216699352505609,-2.00561665681322,"DOWN"
"CEACAM6",0.66589278237963,0.172311081056437,3.10432156077032,0.00277822078070659,0.0218771637229358,-2.0154222664354,"UP"
"SLC2A11",0.730896070865385,0.213558806315476,3.09562824428305,0.00285047558989007,0.0222949198138096,-2.03874865231597,"UP"
"C20orf108",0.740155526060897,0.0773445221746032,3.08774048381557,0.00291754859104252,0.0227334262548436,-2.05987125163838,"UP"
"GRIPAP1",0.505753844073718,0.0721865853313492,3.07460592912923,0.00303251323199448,0.0234618766337066,-2.09495472608152,"UP"
"XK",0.672274876320513,0.184108672365079,3.03931904839868,0.00336262194493296,0.0254228999792734,-2.1886522546199,"UP"
"RAB33B",0.764157377484936,0.122011893522222,3.03432346629484,0.00341197093727662,0.0257122807833065,-2.20185118844674,"UP"
"PPBP",0.763481233782051,0.0313284657936508,3.03306148844244,0.00342454359674376,0.0257965619842304,-2.20518289225948,"UP"
"FAM46C",0.879202862026923,0.167671711980952,2.9993737452264,0.00377652265462222,0.0279938886002643,-2.29373248573257,"UP"
"CLC",-0.681038780335256,-0.00359577752063493,-2.96729575749299,0.00414264831088634,0.0301425127391401,-2.37735094804114,"DOWN"
"MPO",0.542742125466168,0.196644311818342,2.93659928552064,0.00452357730753658,0.0322943781955417,-2.45672349147452,"UP"
"RN7SK",0.517441225182692,0.0572437685714286,2.93363043157066,0.00456209018524206,0.0324819422311447,-2.46436649094053,"UP"
"GPR65",0.547413373061966,0.0832001057566138,2.91892302081292,0.00475739469959558,0.0337045629060593,-2.50214131225909,"UP"
"MMP25",0.523529780598718,0.0069668010968254,2.90835484301119,0.00490247745671576,0.0344695008463104,-2.52919435897904,"UP"
"DICER1",0.638441071708333,0.0773030706349206,2.89429057207263,0.00510190236929678,0.0354821933403433,-2.5650791624526,"UP"
"C15orf29",0.527113366539744,0.0698558707746032,2.88962629208822,0.00516967724538536,0.0358729639560248,-2.57695024629867,"UP"
"XRCC2",0.562412665818681,0.107928227530612,2.88345569750499,0.00526061768258787,0.0363411060140395,-2.59263222968931,"UP"
"FTHL3",1.04779322861474,0.213891016469841,2.87476928516268,0.00539114001823841,0.0370224831714591,-2.61466378495278,"UP"
"YY1",0.738397580997436,-0.00326338733968254,2.87414768049789,0.00540059391518865,0.0370639478789517,-2.61623839411376,"UP"
"CHST13",0.536315135685898,-0.0544390034444444,2.87175558284455,0.00543711787554538,0.0372968617637116,-2.62229543133666,"UP"
"EIF3S10",0.532414816128606,-0.0874834810892857,2.84851839762063,0.00580396448499224,0.0392052524629876,-2.68092974535925,"UP"
"IL18R1",0.505167875798077,0.173047697190476,2.83298087321307,0.00606183757762066,0.0406661953202894,-2.71992780615752,"UP"
"IFIT3",0.648913456600962,0.262133716214286,2.8233240747243,0.00622738220270715,0.0415815427021884,-2.74408144203109,"UP"
"RPS23",-0.595406845936538,-0.338951707466667,-2.82298472323835,0.00623327459946676,0.0415909874136834,-2.74492905288738,"DOWN"
"HERC5",0.661614910894587,0.221339392315697,2.82183488700657,0.00625327816931217,0.0416645965829063,-2.74780044708053,"UP"
"MBNL3",0.525426207391026,0.115657791920635,2.80740020738822,0.00650947124897793,0.0430779971218432,-2.78376879665026,"UP"
"ALPL",0.625642823379808,0.1008476195,2.80546487231532,0.00654454467182512,0.043248474501538,-2.78858023411065,"UP"
"PPP3CA",0.552168732446795,0.12264552725873,2.80475696529074,0.00655741716198783,0.0433118201387545,-2.79033950958213,"UP"
"TLR1",0.777819692001832,-0.131807287451247,2.7978412971901,0.0066844005265351,0.043938225117097,-2.80750778063856,"UP"
"FKBP14",0.557658924288462,0.155258583196429,2.7886518426375,0.00685663064487182,0.0447378893077411,-2.83026904435574,"UP"
"SP3",0.759569860417949,0.254262939425397,2.77506501404781,0.00711875275906215,0.0460438548928755,-2.86381370057557,"UP"
"CAMP",0.755109963778846,0.161449711071429,2.76662095898729,0.00728625902140521,0.0469149211721398,-2.88459596959762,"UP"
"C21orf7",0.562254197423077,0.127207159047619,2.75904100709365,0.00743969466655679,0.0476879807197926,-2.90320876581431,"UP"
"RSAD2",0.754748082525641,0.280232375968254,2.75214391683558,0.00758187540265259,0.0484155783704622,-2.92010955209064,"UP"
"ELA2",0.777603265428205,0.275837164193651,2.74506144354715,0.00773046497008118,0.0491087697093895,-2.93742961691021,"UP"
"BPI",0.53228444765,0.162067257890476,2.73712022755945,0.00790023944612776,0.0498487934617083,-2.95680748619409,"UP"
