"","ONTOLOGY","ID","Description","GeneRatio","BgRatio","pvalue","p.adjust","qvalue","geneID","Count"
"GO:0006631","BP","GO:0006631","fatty acid metabolic process","6/11","394/18614",3.65750779993009e-08,2.24205228135715e-05,1.19350254524035e-05,"ABHD5/CYP1B1/DEGS1/ACSL4/ACSL1/DGAT2",6
"GO:0035336","BP","GO:0035336","long-chain fatty-acyl-CoA metabolic process","3/11","25/18614",3.50616572911986e-07,0.000107463979597524,5.72058618961661e-05,"ACSL4/ACSL1/DGAT2",3
"GO:0006066","BP","GO:0006066","alcohol metabolic process","5/11","366/18614",1.19879188525243e-06,0.000183759665170486,9.78200329747587e-05,"PTEN/CYP1B1/OSBPL1A/DGAT2/CYP27A1",5
"GO:0016125","BP","GO:0016125","sterol metabolic process","4/11","155/18614",1.45847291694525e-06,0.000183759665170486,9.78200329747587e-05,"CYP1B1/OSBPL1A/DGAT2/CYP27A1",4
"GO:0035337","BP","GO:0035337","fatty-acyl-CoA metabolic process","3/11","40/18614",1.49885534396808e-06,0.000183759665170486,9.78200329747587e-05,"ACSL4/ACSL1/DGAT2",3
"GO:0005811","CC","GO:0005811","lipid droplet","3/11","103/19518",2.28368048104246e-05,0.000710087681971002,0.000405764389697715,"ABHD5/ACSL4/DGAT2",3
"GO:0005777","CC","GO:0005777","peroxisome","3/11","143/19518",6.08646584546573e-05,0.000710087681971002,0.000405764389697715,"HSDL2/ACSL4/ACSL1",3
"GO:0042579","CC","GO:0042579","microbody","3/11","143/19518",6.08646584546573e-05,0.000710087681971002,0.000405764389697715,"HSDL2/ACSL4/ACSL1",3
"GO:0045017","BP","GO:0045017","glycerolipid biosynthetic process","4/11","250/18614",9.73425250691609e-06,0.000960267322479456,0.000511175186689502,"ABHD5/PTEN/ACSL1/DGAT2",4
"GO:1901568","BP","GO:1901568","fatty acid derivative metabolic process","3/11","77/18614",1.09655322305974e-05,0.000960267322479456,0.000511175186689502,"ACSL4/ACSL1/DGAT2",3
"GO:0047676","MF","GO:0047676","arachidonate-CoA ligase activity","2/11","11/18369",1.78784939331602e-05,0.00105669986910004,0.000358811500543307,"ACSL4/ACSL1",2
"GO:0004467","MF","GO:0004467","long-chain fatty acid-CoA ligase activity","2/11","15/18369",3.40870925516142e-05,0.00105669986910004,0.000358811500543307,"ACSL4/ACSL1",2
"GO:0015645","MF","GO:0015645","fatty acid ligase activity","2/11","22/18369",7.4820287737757e-05,0.00116381779709573,0.000395184311407718,"ACSL4/ACSL1",2
"GO:0008395","MF","GO:0008395","steroid hydroxylase activity","2/11","24/18369",8.93372718370228e-05,0.00116381779709573,0.000395184311407718,"CYP1B1/CYP27A1",2
"GO:0016405","MF","GO:0016405","CoA-ligase activity","2/11","27/18369",0.000113502397483459,0.00116381779709573,0.000395184311407718,"ACSL4/ACSL1",2
"GO:0016705","MF","GO:0016705","oxidoreductase activity, acting on paired donors, with incorporation or reduction of molecular oxygen","3/11","177/18369",0.00013711499980242,0.00116381779709573,0.000395184311407718,"CYP1B1/DEGS1/CYP27A1",3
"GO:0016411","MF","GO:0016411","acylglycerol O-acyltransferase activity","2/11","31/18369",0.000150170038334933,0.00116381779709573,0.000395184311407718,"ABHD5/DGAT2",2
"GO:0016878","MF","GO:0016878","acid-thiol ligase activity","2/11","31/18369",0.000150170038334933,0.00116381779709573,0.000395184311407718,"ACSL4/ACSL1",2
"GO:0006637","BP","GO:0006637","acyl-CoA metabolic process","3/11","94/18614",1.99837964548727e-05,0.00136111858075966,0.000724558701872578,"ACSL4/ACSL1/DGAT2",3
"GO:0035383","BP","GO:0035383","thioester metabolic process","3/11","94/18614",1.99837964548727e-05,0.00136111858075966,0.000724558701872578,"ACSL4/ACSL1/DGAT2",3
"GO:0006641","BP","GO:0006641","triglyceride metabolic process","3/11","100/18614",2.40601732516622e-05,0.00147488862032689,0.000785121442948978,"ABHD5/ACSL1/DGAT2",3
"GO:0008202","BP","GO:0008202","steroid metabolic process","4/11","323/18614",2.66747084436421e-05,0.00148650875235933,0.000791307140433402,"CYP1B1/OSBPL1A/DGAT2/CYP27A1",4
"GO:0001676","BP","GO:0001676","long-chain fatty acid metabolic process","3/11","110/18614",3.20093631524524e-05,0.00157613504767713,0.000839017540619749,"CYP1B1/ACSL4/ACSL1",3
"GO:0019751","BP","GO:0019751","polyol metabolic process","3/11","117/18614",3.849401755174e-05,0.00157613504767713,0.000839017540619749,"PTEN/DGAT2/CYP27A1",3
"GO:0033865","BP","GO:0033865","nucleoside bisphosphate metabolic process","3/11","122/18614",4.361903845668e-05,0.00157613504767713,0.000839017540619749,"ACSL4/ACSL1/DGAT2",3
"GO:0033875","BP","GO:0033875","ribonucleoside bisphosphate metabolic process","3/11","122/18614",4.361903845668e-05,0.00157613504767713,0.000839017540619749,"ACSL4/ACSL1/DGAT2",3
"GO:0034032","BP","GO:0034032","purine nucleoside bisphosphate metabolic process","3/11","122/18614",4.361903845668e-05,0.00157613504767713,0.000839017540619749,"ACSL4/ACSL1/DGAT2",3
"GO:0043217","BP","GO:0043217","myelin maintenance","2/11","18/18614",4.83267504964711e-05,0.00157613504767713,0.000839017540619749,"PTEN/DEGS1",2
"GO:0006639","BP","GO:0006639","acylglycerol metabolic process","3/11","128/18614",5.03374821711035e-05,0.00157613504767713,0.000839017540619749,"ABHD5/ACSL1/DGAT2",3
"GO:0006638","BP","GO:0006638","neutral lipid metabolic process","3/11","129/18614",5.15193346490735e-05,0.00157613504767713,0.000839017540619749,"ABHD5/ACSL1/DGAT2",3
"GO:0046486","BP","GO:0046486","glycerolipid metabolic process","4/11","385/18614",5.29962543185997e-05,0.00157613504767713,0.000839017540619749,"ABHD5/PTEN/ACSL1/DGAT2",4
"GO:0035338","BP","GO:0035338","long-chain fatty-acyl-CoA biosynthetic process","2/11","19/18614",5.39948385011742e-05,0.00157613504767713,0.000839017540619749,"ACSL4/ACSL1",2
"GO:0016877","MF","GO:0016877","ligase activity, forming carbon-sulfur bonds","2/11","41/18369",0.000263952174177344,0.00181833719988837,0.000617431986379753,"ACSL4/ACSL1",2
"GO:0008203","BP","GO:0008203","cholesterol metabolic process","3/11","140/18614",6.57421767704177e-05,0.00183181610728482,0.000975123196116244,"OSBPL1A/DGAT2/CYP27A1",3
"GO:0090208","BP","GO:0090208","positive regulation of triglyceride metabolic process","2/11","23/18614",7.97841365212384e-05,0.0020616078573441,0.00109744730106752,"ABHD5/DGAT2",2
"GO:1902652","BP","GO:1902652","secondary alcohol metabolic process","3/11","150/18614",8.07154789172243e-05,0.0020616078573441,0.00109744730106752,"OSBPL1A/DGAT2/CYP27A1",3
"GO:0046949","BP","GO:0046949","fatty-acyl-CoA biosynthetic process","2/11","27/18614",0.000110546001014455,0.00271058794487444,0.00144291622376763,"ACSL4/ACSL1",2
"GO:0008374","MF","GO:0008374","O-acyltransferase activity","2/11","54/18369",0.000458676404611905,0.00284379370859381,0.000965634536025062,"ABHD5/DGAT2",2
"GO:0044232","CC","GO:0044232","organelle membrane contact site","2/11","50/19518",0.000348554338521648,0.00304985046206442,0.00174277169260824,"OSBPL1A/ACSL4",2
"GO:0010876","BP","GO:0010876","lipid localization","4/11","497/18614",0.000142730192401739,0.00336513876701022,0.00179135059289632,"ABHD5/OSBPL1A/ACSL1/DGAT2",4
"GO:0005778","CC","GO:0005778","peroxisomal membrane","2/11","65/19518",0.000589107645529178,0.00343646126558687,0.00196369215176393,"ACSL4/ACSL1",2
"GO:0031903","CC","GO:0031903","microbody membrane","2/11","65/19518",0.000589107645529178,0.00343646126558687,0.00196369215176393,"ACSL4/ACSL1",2
"GO:0006699","BP","GO:0006699","bile acid biosynthetic process","2/11","36/18614",0.000197840968191192,0.00449172272226669,0.00239106043427951,"OSBPL1A/CYP27A1",2
"GO:0072330","BP","GO:0072330","monocarboxylic acid biosynthetic process","3/11","220/18614",0.00025055357235264,0.00543440342830906,0.00289287380917972,"DEGS1/OSBPL1A/CYP27A1",3
"GO:0019432","BP","GO:0019432","triglyceride biosynthetic process","2/11","41/18614",0.000257092494977101,0.00543440342830906,0.00289287380917972,"ACSL1/DGAT2",2
"GO:0090207","BP","GO:0090207","regulation of triglyceride metabolic process","2/11","42/18614",0.000269860096661274,0.00551414130844536,0.00293532034964894,"ABHD5/DGAT2",2
"GO:0035384","BP","GO:0035384","thioester biosynthetic process","2/11","46/18614",0.000323978182444709,0.00620620705745647,0.00330372488677171,"ACSL4/ACSL1",2
"GO:0071616","BP","GO:0071616","acyl-CoA biosynthetic process","2/11","46/18614",0.000323978182444709,0.00620620705745647,0.00330372488677171,"ACSL4/ACSL1",2
"GO:0008206","BP","GO:0008206","bile acid metabolic process","2/11","49/18614",0.000367758448115801,0.00644102653414245,0.00342872538092927,"OSBPL1A/CYP27A1",2
"GO:0046460","BP","GO:0046460","neutral lipid biosynthetic process","2/11","49/18614",0.000367758448115801,0.00644102653414245,0.00342872538092927,"ACSL1/DGAT2",2
"GO:0046463","BP","GO:0046463","acylglycerol biosynthetic process","2/11","49/18614",0.000367758448115801,0.00644102653414245,0.00342872538092927,"ACSL1/DGAT2",2
"GO:1901570","BP","GO:1901570","fatty acid derivative biosynthetic process","2/11","52/18614",0.000414265514835915,0.00705402112762267,0.00375503829237233,"ACSL4/ACSL1",2
"GO:0042572","BP","GO:0042572","retinol metabolic process","2/11","53/18614",0.000430372437554421,0.00713022443840162,0.00379560328995364,"CYP1B1/DGAT2",2
"GO:0046164","BP","GO:0046164","alcohol catabolic process","2/11","54/18614",0.000446781148545317,0.00720728536995473,0.00383662482130328,"PTEN/CYP27A1",2
"GO:0033866","BP","GO:0033866","nucleoside bisphosphate biosynthetic process","2/11","57/18614",0.000497815043210711,0.00744294198751624,0.00396207094724828,"ACSL4/ACSL1",2
"GO:0034030","BP","GO:0034030","ribonucleoside bisphosphate biosynthetic process","2/11","57/18614",0.000497815043210711,0.00744294198751624,0.00396207094724828,"ACSL4/ACSL1",2
"GO:0034033","BP","GO:0034033","purine nucleoside bisphosphate biosynthetic process","2/11","57/18614",0.000497815043210711,0.00744294198751624,0.00396207094724828,"ACSL4/ACSL1",2
"GO:0070542","BP","GO:0070542","response to fatty acid","2/11","63/18614",0.000607991096376389,0.00887377481139824,0.00472374034778648,"ACSL1/DGAT2",2
"GO:0004497","MF","GO:0004497","monooxygenase activity","2/11","103/18369",0.00165699595751403,0.00933943176053364,0.00317128412921346,"CYP1B1/CYP27A1",2
"GO:0006790","BP","GO:0006790","sulfur compound metabolic process","3/11","319/18614",0.000742870115347889,0.010590218156006,0.00563744763177101,"ACSL4/ACSL1/DGAT2",3
"GO:0046394","BP","GO:0046394","carboxylic acid biosynthetic process","3/11","328/18614",0.000805389932125758,0.010928030590334,0.00581727394694519,"DEGS1/OSBPL1A/CYP27A1",3
"GO:0016042","BP","GO:0016042","lipid catabolic process","3/11","330/18614",0.00081972596002753,0.010928030590334,0.00581727394694519,"ABHD5/CYP1B1/CYP27A1",3
"GO:0016053","BP","GO:0016053","organic acid biosynthetic process","3/11","331/18614",0.000826954926024963,0.010928030590334,0.00581727394694519,"DEGS1/OSBPL1A/CYP27A1",3
"GO:1901616","BP","GO:1901616","organic hydroxy compound catabolic process","2/11","74/18614",0.000837875102358396,0.010928030590334,0.00581727394694519,"PTEN/CYP27A1",2
"GO:0001523","BP","GO:0001523","retinoid metabolic process","2/11","85/18614",0.00110352620660726,0.0140929492635468,0.00750204219404056,"CYP1B1/DGAT2",2
"GO:0019915","BP","GO:0019915","lipid storage","2/11","86/18614",0.0011294364324248,0.0141294802668654,0.00752148859402125,"ABHD5/DGAT2",2
"GO:0016101","BP","GO:0016101","diterpenoid metabolic process","2/11","88/18614",0.00118213287005484,0.0144929489868723,0.00771497241509472,"CYP1B1/DGAT2",2
"GO:0020037","MF","GO:0020037","heme binding","2/11","137/18369",0.00290615874692069,0.0150151535257569,0.00509852411740471,"CYP1B1/CYP27A1",2
"GO:0046906","MF","GO:0046906","tetrapyrrole binding","2/11","147/18369",0.00333665417545764,0.0157766857531958,0.00535710891449773,"CYP1B1/CYP27A1",2
"GO:0005506","MF","GO:0005506","iron ion binding","2/11","152/18369",0.00356247742814099,0.0157766857531958,0.00535710891449773,"CYP1B1/CYP27A1",2
"GO:0016874","MF","GO:0016874","ligase activity","2/11","165/18369",0.00418229732473758,0.0172868289422487,0.00586989098208783,"ACSL4/ACSL1",2
"GO:0006721","BP","GO:0006721","terpenoid metabolic process","2/11","99/18614",0.00149274417708103,0.0179421996186406,0.00955109793385177,"CYP1B1/DGAT2",2
"GO:0034308","BP","GO:0034308","primary alcohol metabolic process","2/11","107/18614",0.00174057836718135,0.0205187411361955,0.0109226577697615,"CYP1B1/DGAT2",2
"GO:0016717","MF","GO:0016717","oxidoreductase activity, acting on paired donors, with oxidation of a pair of donors resulting in the reduction of molecular oxygen to two molecules of water","1/11","10/18369",0.00597369815745896,0.0205760714312475,0.00698678147071224,"DEGS1",1
"GO:0031957","MF","GO:0031957","very long-chain fatty acid-CoA ligase activity","1/11","10/18369",0.00597369815745896,0.0205760714312475,0.00698678147071224,"ACSL4",1
"GO:0034594","MF","GO:0034594","phosphatidylinositol trisphosphate phosphatase activity","1/11","10/18369",0.00597369815745896,0.0205760714312475,0.00698678147071224,"PTEN",1
"GO:0009150","BP","GO:0009150","purine ribonucleotide metabolic process","3/11","445/18614",0.00194087590550328,0.0223910159278625,0.0119193181722974,"ACSL4/ACSL1/DGAT2",3
"GO:0033559","BP","GO:0033559","unsaturated fatty acid metabolic process","2/11","114/18614",0.00197245491044792,0.0223910159278625,0.0119193181722974,"CYP1B1/DEGS1",2
"GO:0006720","BP","GO:0006720","isoprenoid metabolic process","2/11","119/18614",0.00214660756119177,0.0239249170001919,0.0127358534730995,"CYP1B1/DGAT2",2
"GO:0009259","BP","GO:0009259","ribonucleotide metabolic process","3/11","464/18614",0.00218728932144413,0.0239430063222367,0.0127454828881143,"ACSL4/ACSL1/DGAT2",3
"GO:0016747","MF","GO:0016747","acyltransferase activity, transferring groups other than amino-acyl groups","2/11","226/18369",0.0077041308068119,0.0240543599028598,0.00816786414358567,"ABHD5/DGAT2",2
"GO:0004438","MF","GO:0004438","phosphatidylinositol-3-phosphate phosphatase activity","1/11","13/18369",0.00775947093640639,0.0240543599028598,0.00816786414358567,"PTEN",1
"GO:0006805","BP","GO:0006805","xenobiotic metabolic process","2/11","123/18614",0.00229101824426013,0.0244202016023087,0.0129995063049982,"CYP1B1/ACSL1",2
"GO:0019693","BP","GO:0019693","ribose phosphate metabolic process","3/11","473/18614",0.00231055741098516,0.0244202016023087,0.0129995063049982,"ACSL4/ACSL1/DGAT2",3
"GO:0052744","MF","GO:0052744","phosphatidylinositol monophosphate phosphatase activity","1/11","14/18369",0.00835408010069594,0.0246644269639594,0.00837501764480796,"PTEN",1
"GO:0005741","CC","GO:0005741","mitochondrial outer membrane","2/11","208/19518",0.00583498858866066,0.0250215747645731,0.0142980427226132,"ACSL4/ACSL1",2
"GO:0043220","CC","GO:0043220","Schmidt-Lanterman incisure","1/11","11/19518",0.00618354556524181,0.0250215747645731,0.0142980427226132,"PTEN",1
"GO:0031968","CC","GO:0031968","organelle outer membrane","2/11","236/19518",0.00745156788418405,0.0250215747645731,0.0142980427226132,"ACSL4/ACSL1",2
"GO:0019867","CC","GO:0019867","outer membrane","2/11","238/19518",0.00757401337699715,0.0250215747645731,0.0142980427226132,"ACSL4/ACSL1",2
"GO:0043218","CC","GO:0043218","compact myelin","1/11","14/19518",0.00786392349743725,0.0250215747645731,0.0142980427226132,"PTEN",1
"GO:0016746","MF","GO:0016746","acyltransferase activity","2/11","253/18369",0.00957466020433509,0.0269831333031262,0.00916235426252162,"ABHD5/DGAT2",2
"GO:0052745","MF","GO:0052745","inositol phosphate phosphatase activity","1/11","18/18369",0.0107292788517935,0.0289224038613565,0.00982085020759134,"PTEN",1
"GO:0003841","MF","GO:0003841","1-acylglycerol-3-phosphate O-acyltransferase activity","1/11","21/18369",0.0125072825576948,0.03007988456941,0.0102138827060815,"ABHD5",1
"GO:1990381","MF","GO:1990381","ubiquitin-specific protease binding","1/11","21/18369",0.0125072825576948,0.03007988456941,0.0102138827060815,"PTEN",1
"GO:0042171","MF","GO:0042171","lysophosphatidic acid acyltransferase activity","1/11","22/18369",0.0130993045705495,0.03007988456941,0.0102138827060815,"ABHD5",1
"GO:0071617","MF","GO:0071617","lysophospholipid acyltransferase activity","1/11","22/18369",0.0130993045705495,0.03007988456941,0.0102138827060815,"ABHD5",1
"GO:0097038","CC","GO:0097038","perinuclear endoplasmic reticulum","1/11","19/19518",0.0106588143908409,0.0310882086399527,0.0177646906514016,"DGAT2",1
"GO:0044233","CC","GO:0044233","mitochondria-associated endoplasmic reticulum membrane","1/11","21/19518",0.0117747651889302,0.0317012908932735,0.0181150233675849,"ACSL4",1
"GO:0042552","BP","GO:0042552","myelination","2/11","144/18614",0.00312263875457046,0.0322399737347513,0.0171621737061439,"PTEN/DEGS1",2
"GO:0007272","BP","GO:0007272","ensheathment of neurons","2/11","146/18614",0.00320821924603561,0.0322399737347513,0.0171621737061439,"PTEN/DEGS1",2
"GO:0008366","BP","GO:0008366","axon ensheathment","2/11","146/18614",0.00320821924603561,0.0322399737347513,0.0171621737061439,"PTEN/DEGS1",2
"GO:0070330","MF","GO:0070330","aromatase activity","1/11","25/18369",0.0148734351589105,0.0329340349947304,0.011183033954068,"CYP1B1",1
"GO:0034593","MF","GO:0034593","phosphatidylinositol bisphosphate phosphatase activity","1/11","26/18369",0.0154641673990572,0.0330613234048809,0.0112262558250869,"PTEN",1
"GO:0045834","BP","GO:0045834","positive regulation of lipid metabolic process","2/11","151/18614",0.00342697791496544,0.0338828622882873,0.0180367258682391,"ABHD5/DGAT2",2
"GO:0044272","BP","GO:0044272","sulfur compound biosynthetic process","2/11","155/18614",0.00360691123810369,0.0349848340000842,0.0186233339744588,"ACSL4/ACSL1",2
"GO:0007584","BP","GO:0007584","response to nutrient","2/11","156/18614",0.00365257646982934,0.0349848340000842,0.0186233339744588,"CYP1B1/ACSL1",2
"GO:0120254","BP","GO:0120254","olefinic compound metabolic process","2/11","158/18614",0.00374472326978622,0.0353156209904455,0.0187994204637041,"CYP1B1/DGAT2",2
"GO:0052866","MF","GO:0052866","phosphatidylinositol phosphate phosphatase activity","1/11","30/18369",0.0178238774617292,0.036836013420907,0.0125079841836696,"PTEN",1
"GO:0007009","BP","GO:0007009","plasma membrane organization","2/11","170/18614",0.00432034517928273,0.0401268423469745,0.0213605583026738,"PTEN/DEGS1",2
"GO:0055088","BP","GO:0055088","lipid homeostasis","2/11","172/18614",0.00442005172933599,0.0404401747773577,0.0215273532772059,"ABHD5/DGAT2",2
"GO:0006694","BP","GO:0006694","steroid biosynthetic process","2/11","175/18614",0.00457161926436456,0.0412118030743452,0.0219381110209445,"OSBPL1A/CYP27A1",2
"GO:0015248","MF","GO:0015248","sterol transporter activity","1/11","36/18369",0.0213538032235164,0.0427076064470329,0.0145017339378719,"OSBPL1A",1
"GO:0016620","MF","GO:0016620","oxidoreductase activity, acting on the aldehyde or oxo group of donors, NAD or NADP as acceptor","1/11","39/18369",0.023114437623996,0.0430219658668898,0.0146084773741561,"CYP27A1",1
"GO:0016712","MF","GO:0016712","oxidoreductase activity, acting on paired donors, with incorporation or reduction of molecular oxygen, reduced flavin or flavoprotein as one donor, and incorporation of one atom of oxygen","1/11","39/18369",0.023114437623996,0.0430219658668898,0.0146084773741561,"CYP1B1",1
"GO:0016709","MF","GO:0016709","oxidoreductase activity, acting on paired donors, with incorporation or reduction of molecular oxygen, NAD(P)H as one donor, and incorporation of one atom of oxygen","1/11","40/18369",0.0237006755501357,0.0430219658668898,0.0146084773741561,"CYP27A1",1
"GO:0016859","MF","GO:0016859","cis-trans isomerase activity","1/11","41/18369",0.0242865936345346,0.0430219658668898,0.0146084773741561,"DEGS1",1
"GO:1905952","BP","GO:1905952","regulation of lipid localization","2/11","182/18614",0.00493460777084028,0.0438393415003636,0.0233368178331119,"ABHD5/ACSL1",2
"GO:0071466","BP","GO:0071466","cellular response to xenobiotic stimulus","2/11","189/18614",0.00531058367397893,0.0451724420482664,0.0240464618098439,"CYP1B1/ACSL1",2
"GO:0030258","BP","GO:0030258","lipid modification","2/11","197/18614",0.00575605358139879,0.0451724420482664,0.0240464618098439,"PTEN/DGAT2",2
"GO:0006707","BP","GO:0006707","cholesterol catabolic process","1/11","10/18614",0.00589526160499398,0.0451724420482664,0.0240464618098439,"CYP27A1",1
"GO:0015911","BP","GO:0015911","long-chain fatty acid import across plasma membrane","1/11","10/18614",0.00589526160499398,0.0451724420482664,0.0240464618098439,"ACSL1",1
"GO:0016127","BP","GO:0016127","sterol catabolic process","1/11","10/18614",0.00589526160499398,0.0451724420482664,0.0240464618098439,"CYP27A1",1
"GO:0042368","BP","GO:0042368","vitamin D biosynthetic process","1/11","10/18614",0.00589526160499398,0.0451724420482664,0.0240464618098439,"CYP27A1",1
"GO:0061299","BP","GO:0061299","retina vasculature morphogenesis in camera-type eye","1/11","10/18614",0.00589526160499398,0.0451724420482664,0.0240464618098439,"CYP1B1",1
"GO:0061365","BP","GO:0061365","positive regulation of triglyceride lipase activity","1/11","10/18614",0.00589526160499398,0.0451724420482664,0.0240464618098439,"ABHD5",1
"GO:0090394","BP","GO:0090394","negative regulation of excitatory postsynaptic potential","1/11","10/18614",0.00589526160499398,0.0451724420482664,0.0240464618098439,"PTEN",1
"GO:0097090","BP","GO:0097090","presynaptic membrane organization","1/11","10/18614",0.00589526160499398,0.0451724420482664,0.0240464618098439,"PTEN",1
"GO:0097267","BP","GO:0097267","omega-hydroxylase P450 pathway","1/11","10/18614",0.00589526160499398,0.0451724420482664,0.0240464618098439,"CYP1B1",1
"GO:0006643","BP","GO:0006643","membrane lipid metabolic process","2/11","208/18614",0.00639581852006031,0.0484029228740367,0.0257661304901715,"CYP1B1/DEGS1",2
"GO:0046474","BP","GO:0046474","glycerophospholipid biosynthetic process","2/11","210/18614",0.00651550407883145,0.0487073658576058,0.0259281933817426,"ABHD5/PTEN",2
"GO:0016903","MF","GO:0016903","oxidoreductase activity, acting on the aldehyde or oxo group of donors","1/11","48/18369",0.0283790778409065,0.0488750785037835,0.0165959519537465,"CYP27A1",1
"GO:0050821","BP","GO:0050821","protein stabilization","2/11","213/18614",0.00669696283146754,0.0492525691783935,0.0262184192415249,"PTEN/TBL1X",2
"GO:0009152","BP","GO:0009152","purine ribonucleotide biosynthetic process","2/11","217/18614",0.00694250003997831,0.0492525691783935,0.0262184192415249,"ACSL4/ACSL1",2
"GO:0033629","BP","GO:0033629","negative regulation of cell adhesion mediated by integrin","1/11","12/18614",0.00707051564061767,0.0492525691783935,0.0262184192415249,"CYP1B1",1
"GO:0038183","BP","GO:0038183","bile acid signaling pathway","1/11","12/18614",0.00707051564061767,0.0492525691783935,0.0262184192415249,"DGAT2",1
"GO:0060134","BP","GO:0060134","prepulse inhibition","1/11","12/18614",0.00707051564061767,0.0492525691783935,0.0262184192415249,"PTEN",1
"GO:0071257","BP","GO:0071257","cellular response to electrical stimulus","1/11","12/18614",0.00707051564061767,0.0492525691783935,0.0262184192415249,"PTEN",1
"GO:0015485","MF","GO:0015485","cholesterol binding","1/11","50/18369",0.0295454894079108,0.0495086579267694,0.0168110892790389,"OSBPL1A",1
"GO:0044242","BP","GO:0044242","cellular lipid catabolic process","2/11","222/18614",0.00725517071744357,0.04993777676411,0.0265831730005566,"ABHD5/CYP1B1",2
"GO:0010896","BP","GO:0010896","regulation of triglyceride catabolic process","1/11","13/18614",0.00765766886757968,0.04993777676411,0.0265831730005566,"ABHD5",1
"GO:0036462","BP","GO:0036462","TRAIL-activated apoptotic signaling pathway","1/11","13/18614",0.00765766886757968,0.04993777676411,0.0265831730005566,"PTEN",1
"GO:0042362","BP","GO:0042362","fat-soluble vitamin biosynthetic process","1/11","13/18614",0.00765766886757968,0.04993777676411,0.0265831730005566,"CYP27A1",1
"GO:0048853","BP","GO:0048853","forebrain morphogenesis","1/11","13/18614",0.00765766886757968,0.04993777676411,0.0265831730005566,"PTEN",1
"GO:0061000","BP","GO:0061000","negative regulation of dendritic spine development","1/11","13/18614",0.00765766886757968,0.04993777676411,0.0265831730005566,"PTEN",1
