"","naive B cells","memory B cells","Plasma cells","CD8 T cells","naive CD4 T cells","resting CD4 memory T cells","activated CD4 memory T cells","follicular helper T cells","regulatory T cells (Tregs)","gammadelta T cells","resting NK cells","activated NK cells","Monocytes","M0 Macrophages","M1 Macrophages","M2 Macrophages","resting dendritic cells","activated dendritic cells","resting Mast cells","activated mast cells","Eosinophils","Neutrophils"
"GSM416567",0.205397773683257,0,0,0,0.073018119288548,0,0,0.0699548479559728,0.1053574195463,0,0.00163227478467358,0,0,0,0.123132233262619,0,0.210457379637076,0,0,0.197299512604784,0.0137504392367698,0
"GSM416568",0.00324446382417073,0,0.0518524706599142,0.501492642748232,0,0,0.0927022968716555,0.058740842542047,0.00477068494712533,0,0.0888810186809477,0.0808489522938018,0,0,0,0,0.0643947205247523,0,0.0342470391394969,0.018824867767857,0,0
"GSM416569",0.159712413321644,0,0.0244266511647387,0.41664852767862,0,0,0.0477497992228926,0.024008745272491,0.0290007640915666,0,0,0.0894661071817127,0.0798747598355622,0,0.00842996318106881,0.0772859823489043,0,0.0321708994267501,0.0112253872740494,0,0,0
"GSM416570",0,0,0,0.248932221557697,0.0849697766242443,0,0,0.041340948914099,0.249867705551604,0,0,0,0,0,0.077819244294386,0,0.138767267386249,0,0,0.158302835671721,0,0
"GSM416571",0.140615682792403,0.105127524869934,0.0366321074947738,0.146150386797608,0,0.169517207723663,0.0583600776000251,0,0.00467989582465739,0,0.0454247456599549,0,0.0445551811571999,0,0,0.0351263970332648,0,0.0201231682312771,0.131737250207337,0,0.0619503746079025,0
"GSM416572",0,0.111956633851922,0,0.219279581805525,0,0.0513521370514529,0.108796846188367,0.0268178013237756,0,0,0,0.127866853621763,0,0.0271214408552613,0,0.0259750471726713,0,0.0148249877196363,0.0873419216094723,0,0.18286768592506,0.0157990628750941
"GSM416573",0,0.12213573484395,0,0.190592084764654,0,0.171787139983511,0.120315929122747,0.00155560819884995,0.0058708455035664,0,0.0442034911258661,0,0,0,0,0.0808792865874113,0,0.0313727735413919,0.0543769131228351,0,0.166728895216219,0.0101812979889991
"GSM416574",0.19170385062038,0,0.108413273394287,0.28511864510649,0,0,0.0957723849935318,0.0150717971329507,0.0947647532439093,0.0135994513105942,0,0.0409819218254779,0,0,0,0,0.0270573355611339,0.0210388610310649,0.0456382306709177,0,0.0608394951092628,0
"GSM416575",0.431034855185602,0,0.0938658369479544,0.0271595419899539,0,0.0534335014521456,0.169032167484461,0.00928036237887738,0.00385986833711021,0.046657395444905,0.0204283308926935,0.0444554524924203,0.0243744888580035,0.00544013951791467,0,0.0158686028705517,0.00543459993795029,0.0139563695852405,0.0145841087404941,0,0,0.0211343778837217
"GSM416576",0.115490073525889,0,0,0,0.0583027208101021,0.0446942686355378,0,0.179952816821607,0.0507038769841849,0.0920478290071337,0,0.0728161125822528,0,0,0,0,0,0.0594418574601618,0,0.0321653335381792,0.228277363081253,0.0661077475536989
"GSM416577",0.209954685928655,0,0.0275881695682553,0.385157097733042,0,0.16067865133168,0,0.0693052364835496,0.0328849833060991,0,0,0.00227346101689052,0.0270467829671352,0,0,0.047942802055859,0,0,0,0,0,0.0371681296088343
"GSM416578",0,0.0744693570834667,0.11395979768375,0.404471589200421,0,0,0.164593843086112,0,0,0.0207098074032574,0,0.0750774192850756,0,0.0140791795019905,0,0,0.0423516144252285,0,0.0902873923306985,0,0,0
"GSM416579",0,0.115843909724528,0.0133952882673875,0.244988266807497,0.0904650559388812,0,0.107039640279538,0,0.122733164370002,0,0.157425295590613,0,0,0.02971357198286,0.0339992217518614,0,0,0,0.0843965852868316,0,0,0
"GSM416580",0.0246441040481417,0.185014512332269,0.0703090493008786,0,0,0.185701803326016,0,0.124542956400026,0.00199169323153362,0.024862995660138,0,0.0666774927411493,0,0,0,0,0,0,0.27712024928383,0,0.0391351436760177,0
"GSM416581",0,0.134522143180958,0.0617609443842585,0.459964496536044,0.0917659245736148,0,0.0316799683906336,0.0245413313334878,0,0,0,0,0,0,0.0799682835626455,0,0.0711315321461552,0,0,0.0446653758922016,0,0
"GSM416582",0.224347446906599,0,0.0551381203785692,0.0388195492260501,0.156237927245158,0,0,0.311926584249352,0,0,0,0.0977920625450781,0.0020191205678068,0,0.00342561732160372,0.0727481661926073,0.0125135044722191,0,0,0.0250319008949562,0,0
"GSM416583",0.123308222576636,0,0.0233010363499879,0.181246459630365,0,0.408459140438167,0.0262225836845101,0.00837158282812894,0,0,0,0.0489173989500323,0.052976497826891,0.0304664600999607,0.0340231095788624,0.0148386264322609,0.0447539078042163,0,0,0.00311497379998155,0,0
"GSM416584",0.0244690152164886,0.079275002774599,0.138219318137507,0.0187198124825144,0.275082272482452,0.116100562353309,0,0,0,0,0.0397567937994287,0,0,0,0.0340210841270773,0,0.109149230661573,0.0209861886690975,0,0.144220719295953,0,0
"GSM416585",0,0.0429557753185801,0.110134057572487,0.378415996429969,0,0,0,0.0492967710614017,0.0741024540430708,0.0293673338062303,0,0.0448682295077616,0,0,0.0146774488774635,0,0.158089449846004,0,0,0.0980924835370328,0,0
"GSM416586",0.128587141772981,0.0210440273084592,0.0912034848731025,0.502754804710077,0,0,0.0851284815756506,0.0219147015616354,0.0572093063203008,0,0,0.0645255292878656,0,0,0.000439782263353516,0.0104954045534557,0.0166973357731189,0,0,0,0,0
"GSM416587",0.139965090445253,0.199589080252731,0.0527347809270211,0.24104343236158,0,0.0993047823962591,0.0158153796637722,0.0318391265666657,0.0586077842742512,0,0.0645903817734671,0,0,0,0,0.0192868284333275,0.0422614306376284,0,0.0349619022680437,0,0,0
"GSM416588",0.114983979260804,0,0,0.262030155339029,0,0.0174849974187078,0.143012261503033,0.0371359636186335,0.0144780847888821,0,0,0.131970491206541,0,0,0,0,0,0,0.154330347064864,0,0.0963307065548894,0.0282430132446173
"GSM416589",0.295409548347821,0,0.0340490836549186,0,0.0152919846229568,0.343735333018597,0,0.0679883688091313,0.107456542994773,0,0,0.00830192646089319,0,0,0,0,0.000138606518320215,0,0.127628605572588,0,0,0
"GSM416590",0.138624453973973,0,0.0289316133187039,0,0.421022717433784,0,0,0.0967134971903881,0.130598374241397,0,0.0867438262731668,0.0112598718259952,0,0,0.00269727989594898,0,0.0469392699357603,0.00472007865141533,0.0264378956149599,0,0.00531112164450836,0
"GSM416528",0.0248606686355922,0.00375036443099053,0.029350843529822,0.0695814846515485,0.03957932418687,0,0.162111647338122,0,0.0601207288453095,0,0.316645227873116,0,0.12783398218668,0.0689793622358871,0.0180611462604859,0,0.0118239934814342,0,0.0673012263441419,0,0,0
"GSM416529",0,0.0156582781289664,0,0,0.0121022689690974,0,0,0.0299710282595012,0,0,0,0,0,0.334630265118683,0,0,0,0,0.4815123290345,0,0,0.126125830489252
"GSM416530",0,0.0899334323136556,0.0540540345939429,0,0.305272464725691,0,0,0,0,0,0,0.0133939221345535,0.25854274433515,0.146266113919394,0.00258109278390026,0,0.0521357104580481,0,0,0.0778204847356648,0,0
"GSM416531",0,0,0,0,0.331951002303652,0,0,0,0,0.138658768376376,0,0,0,0.225052581659045,0,0,0,0,0,0.146738156200802,0,0.157599491460124
"GSM416532",0,0.0541903256391646,0,0,0.00106807058604506,0,0,0,0.0848448746777851,0,0.118095319036369,0,0.0205510356984062,0.0225374063510763,0,0.114530856162463,0,0.0163036174569847,0.0211674268667667,0,0.276660169421028,0.270050898103912
"GSM416533",0,0.0834623215936199,0,0,0.0282739839127923,0.154438830336017,0.120291406939433,0,0,0.0367565267181487,0.12806175351624,0,0.092980531872908,0.0100599787675992,0.00645174368465054,0.0568086464374898,0,0.047552420468897,0.163388752034843,0,0.0714731037173618,0
"GSM416534",0,0.156343549440434,0,0,0,0.266806780837753,0,0,0.0420331147626558,0,0,0.00926735806463731,0.1618065085469,0,0,0.116813344761531,0,0.0427369095365844,0.0068211006939918,0.00394797317654478,0.154809045446941,0.038614314732027
"GSM416535",0.0160010126541273,0,0,0,0.00316751582007264,0,0,0,0,0.0705287293131708,0,0.0123037536957787,0,0.0767171328827004,0,0.0760551419227543,0,0.0545922716390344,0,0.139609719036093,0,0.551024723036268
"GSM416536",0.230023138829901,0,0.108989207292842,0.223532275957914,0,0,0.0512219314155235,0.0742707099580178,0,0.0367870830713558,0,0.0824950358918496,0.0142417333530514,0,0,0.0330753124770768,0.0426994578526479,0.0217543232590399,0.0809097906407811,0,0,0
"GSM416537",0,0.139503609263484,0,0,0,0.261738313563306,0,0,0,0.144387988539653,0,0,0,0.0999127400723273,0,0,0,0.0645566730066232,0.0633339301274745,0,0.12727334282781,0.0992934025993221
"GSM416538",0,0.228569792013797,0.0175924241933446,0,0.0325056123439407,0,0,0.0354787448637209,0,0,0.00739720499186668,0.00502389326863108,0.161781516206139,0.223345687252184,0,0,0,0.0656466769372965,0.169618212961223,0,0,0.0530402349678552
"GSM416539",0,0,0.0484686961688042,0,0,0.0120554483854403,0,0,0.00500911157431301,3.58471534929474e-05,0.0325037182768821,0,0.153745749167865,0.119724493083529,0.00392312679143255,0.116302591283543,0,0,0,0.142034359640657,0.135278965885988,0.230917892588052
"GSM416540",0,0.13300901772729,0,0.00916116814176903,0,0.194461950094634,0.00841470459747473,0,0,0.054448612874857,0.0498711765016108,0.125222150434826,0.199332410745791,0,0,0.0419085438851446,0.139466088300998,0.0188065563514979,0.0258976203441059,0,0,0
"GSM416541",0,0.0875810249480332,0,0.00985648313412737,0,0.189495554796333,0.037427938108904,0,0.000509805338316082,0,0.0553191963699445,0,0,0.140074665817342,0,0.0201794718405887,0,0.010268441972153,0.128135764259305,0,0.132782202819642,0.188369450595311
"GSM416542",0,0.01440794225595,0.307097728364977,0,0.0149168578375272,0.0744536237030041,0.0704005059236371,0.0297537148836417,0.00858627285375525,0.108553573725937,0,0.0487576135686712,0,0.0439442205195412,0,0.0117239176921929,0,0,0.0430593922482756,0,0.0832128321079526,0.141131804314937
"GSM416543",0,0.0896698560727206,0,0,0,0.485566466521157,0.0355747022072486,0,0,0,0.0979211372582588,0,0.0111450236912117,0.0465777716948574,0,0,0,0.0575837912855255,0.0330958534416876,0.0387826939218095,0.104082703905524,0
"GSM416544",0,0.0340926220425909,0,0.105660256607914,0,0.141818578281179,0.126365287529716,0,0,0,0.0122174761193358,0.162235804180141,0.00791189008485606,0.0610996388630616,0,0.0651668773799343,0,0,0.0416637811711231,0,0.128202683108267,0.113565104631881
"GSM416545",0,0,0.0392445569780011,0,0.296496058287399,0,0,0.0284761640214379,0,0.171486650832905,0.0285054665081251,0.0773308903900975,0,0,0.0254812181017013,0,0,0.111416960414056,0,0.125629073353502,0.0620549681925988,0.0338779929201757
"GSM416546",0,0,0,0,0,0.257024939961956,0,0.132988964515498,0,0.00863162508057415,0,0.151207437177908,0,0,0.0157057820732646,0.0946038470583649,0.0242401937633716,0.0592174166857003,0,0.218899412225387,0,0.0374803814579746
"GSM416547",0.187963664453042,0,0.0344407085092377,0,0.276700536291321,0,0,0.136209971985167,0,0,0.0226947023188544,0,0,0.0329239366159622,0.00259637718271255,0,0,0.0631497009827264,0,0.216900603104446,0.0264197985565304,0
"GSM416548",0,0,0,0.140791627492372,0,0,0,0.0372681708814349,0,0,0,0,0.250507613538659,0.0864325356383525,0.0424327437888196,0.143725789327793,0.10217885141263,0,0.164434051539209,0.0322286163807311,0,0
"GSM416549",0.141847869549507,0,0.343632643788825,0.265643348380871,0.0390284553568774,0,0.0143424864003297,0,0.0152071273473348,0,0,0.074092962417814,0.00320637292294291,0,0.00834781261649559,0.0828817221807756,0,0.0117691990382273,0,0,0,0
"GSM416550",0.0492925884585949,0,0.019699864780518,0,0.355955146754029,0,0,0,0.00442229839601151,0.00075565444282579,0.0721015143049275,0,0,0.122541360979635,0.00172857015273012,0,0,0,0,0.19712715615026,0,0.176375845580468
"GSM416551",0,0.0131788743404302,0,0,0.299652777946278,0,0,0,0.0242478008984409,0.0459526763464291,0,0,0.0323955684473312,0.202601635831722,0.00667429932053735,0,0,0,0,0.139937909832622,0,0.23535845703621
"GSM416552",0.313651762424642,0,0.0976958244581376,0.127280113364244,0,0.289898418359696,0,0,0.00202617112107917,0,0,0.0200152262572002,0,0,0,0.0439144220532065,0,0.00889443651279609,0.0966236254489983,0,0,0
"GSM416553",0.00224582519181964,0.196903304782978,0.12933894027927,0,0.254818507955498,0,0,0,0,0,0,0,0.00608641174143153,0.0552425967216562,0,0.0733170404261576,0,0.0807208118674105,0,0.0841703384016065,0,0.117156222632172
"GSM416554",0,0.0500605980544258,0,0.0347546981623407,0.0976332685809672,0,0.0627111217300759,0,0,0,0.208083862411408,0,0,0.244360836872745,0.00313279134137063,0,0,0,0,0.065108001557389,0,0.234154821289278
"GSM416555",0,0.190152774391574,0,0,0.0265089663713781,0,0,0.132867538188972,0,0,0.0261581090580651,0,0.000323532801382089,0.103861937768578,0,0,0.0400945871674533,0.102137592880589,0,0.269708157363211,0,0.108186804008798
"GSM416556",0,0,0.095588417771953,0,0.0677104221070138,0.0393663663228785,0,0.168554562877731,0,0.0530059507744159,0.0261036386372128,0.083827122670472,0,0,0.0176104805113739,0.0522421908090882,0,0.0873227760469227,0,0.00110772142000573,0.238644215946894,0.0689161341040384
"GSM416557",0,0.0357218835242442,0,0.0665475024249311,0,0,0.0291487290644208,0.0876680099584036,0,0.258373736735643,0,0.0503245561964923,0,0.100883081255061,0,0.0727895188732961,0,0,0.0572613152898974,0.0382281327985324,0.203053533879078,0
"GSM416558",0,0,0,0.177400402352844,0,0,0,0,0.0451469734486001,0,0,0,0.0593234786411367,0.215955088355828,0,0.14310366830009,0,0,0,0.168462729424962,0.0284672072946016,0.162140452181938
"GSM416559",0,0,0,0,0.192492938487456,0.0453643673811625,0.0648489715443793,0,0,0.072924583431595,0.109863906713238,0.0619688602708049,0.099996998409772,0.140606255236659,0,0.100910178204431,0,0.0133107351127562,0,0.0264279106424163,0.0389502664817652,0.0323340280835642
"GSM416560",0,0.0372232492761879,0,0,0,0,0,0,0,0,0.0804918463006668,0.00123909607061832,0.0874134922606003,0.117036248212253,0,0,0,0,0,0.308899813003379,0,0.367696254876295
"GSM416561",0,0,0.0739783889267899,0,0.0790711957315978,0,0.0128009331153557,0,0.0784039247010687,0,0.10654257953405,0.189679238326062,0,0,0.063570127411818,0,0.104416269925888,0.049795334839979,0,0.0386343054445641,0,0.203107702042826
"GSM416562",0,0.0310172248522708,0.0045146741190259,0,0,0.0785886870829719,0,0.0138684078031096,0,0.0693344164851668,0,0.138676391532131,0.197967142128111,0.0933003974713398,0.0137513251273396,0.10537483716427,0.0413527718092776,0.0286815341906611,0.0562342190606653,0,0.0889357610399287,0.0384022101337309
"GSM416563",0.0406125713021873,0,0.0180049473402626,0,0,0,0.134336459909883,0.113996922506992,0,0.229868111656116,0.00600715150208179,0,0,0,0.0249808262284066,0.0148705929899184,0.108323022397418,0,0.0793847485946387,0.00726556585310193,0.0204061364044561,0.201942943314537
"GSM416564",0,0,0.137798138023531,0,0.0554642624800233,0,0,0,0,0,0.0387093209859472,0,0,0.375584450152526,0.022523124063829,0,0,0,0,0.211668352847126,0,0.158252351447018
"GSM416565",0.132398086185047,0,0.112973254008266,0.0126875229504819,0,0.034289150729708,0.0536030515721396,0.0304054384222882,0,0.292689722661829,0,0.0722286305568187,0,0.126395404171818,0,0.00677011633874692,0,0,0.0949444208648126,0,0.0124890859525058,0.018126115585539
"GSM416566",0,0,0,0,0,0,0,0,0,0.150832024960037,0.109974977210958,0,0.226881110004122,0.061007462825255,0.00888298786293902,0.152777168752478,0.0437133689512666,0.0138707011793597,0.218307183833616,0.0137530144199693,0,0
