"Term","Overlap","P.value","Adjusted.P.value","Old.P.value","Old.Adjusted.P.value","Odds.Ratio","Combined.Score","Genes","Drug_name"
"FLAVANONE CTD 00001352","2/19",8.53534381334727e-06,0.00470297444115435,0,0,783.450980392157,9143.88744734004,"PTEN","FLAVANONE"
"FLAVANONE CTD 00001352","2/19",8.53534381334727e-06,0.00470297444115435,0,0,783.450980392157,9143.88744734004,"CYP1B1","FLAVANONE"
"mesalazine MCF7 DOWN","2/78",0.00014901384711723,0.027368876587198,0,0,174.728070175439,1539.61137961533,"PTEN","mesalazine"
"mesalazine MCF7 DOWN","2/78",0.00014901384711723,0.027368876587198,0,0,174.728070175439,1539.61137961533,"CYP1B1","mesalazine"
"Tetradioxin CTD 00006848","5/3768",0.000236839523318215,0.0307371113634855,0,0,81160,677534.049243217,"HSDL2","Tetradioxin"
"Tetradioxin CTD 00006848","5/3768",0.000236839523318215,0.0307371113634855,0,0,81160,677534.049243217,"PTEN","Tetradioxin"
"Tetradioxin CTD 00006848","5/3768",0.000236839523318215,0.0307371113634855,0,0,81160,677534.049243217,"CYP1B1","Tetradioxin"
"Tetradioxin CTD 00006848","5/3768",0.000236839523318215,0.0307371113634855,0,0,81160,677534.049243217,"DEGS1","Tetradioxin"
"Tetradioxin CTD 00006848","5/3768",0.000236839523318215,0.0307371113634855,0,0,81160,677534.049243217,"OSBPL1A","Tetradioxin"
"Galangin TTD 00008147","1/11",0.00274720535833692,0.037229275963085,0,0,499.625,2946.37411950643,"CYP1B1","Galangin"
"MCDF CTD 00002334","1/11",0.00274720535833692,0.037229275963085,0,0,499.625,2946.37411950643,"CYP1B1","MCDF"
"trans-1,2-Dihydro-1,2-naphthalenediol CTD 00004552","1/11",0.00274720535833692,0.037229275963085,0,0,499.625,2946.37411950643,"CYP1B1","trans-1,2-Dihydro-1,2-naphthalenediol"
"PRIMAQUINE CTD 00006613","1/11",0.00274720535833692,0.037229275963085,0,0,499.625,2946.37411950643,"CYP1B1","PRIMAQUINE"
"2,3,4,7,8-PENTACHLORODIBENZOFURAN CTD 00001811","1/12",0.00299665302989365,0.037229275963085,0,0,454.181818181818,2638.91411927659,"CYP1B1","2,3,4,7,8-PENTACHLORODIBENZOFURAN"
"Norharman CTD 00000536","1/12",0.00299665302989365,0.037229275963085,0,0,454.181818181818,2638.91411927659,"CYP1B1","Norharman"
"quercitrin CTD 00000657","1/12",0.00299665302989365,0.037229275963085,0,0,454.181818181818,2638.91411927659,"CYP1B1","quercitrin"
"2'-Hydroxychalcone CTD 00000681","1/12",0.00299665302989365,0.037229275963085,0,0,454.181818181818,2638.91411927659,"CYP1B1","2'-Hydroxychalcone"
"5,7-Dimethoxyflavone CTD 00002502","1/12",0.00299665302989365,0.037229275963085,0,0,454.181818181818,2638.91411927659,"CYP1B1","5,7-Dimethoxyflavone"
"Chrysoeriol CTD 00000330","1/12",0.00299665302989365,0.037229275963085,0,0,454.181818181818,2638.91411927659,"CYP1B1","Chrysoeriol"
"ANILINE CTD 00001100","1/12",0.00299665302989365,0.037229275963085,0,0,454.181818181818,2638.91411927659,"CYP1B1","ANILINE"
"3-NITROFLUORANTHENE CTD 00001617","1/12",0.00299665302989365,0.037229275963085,0,0,454.181818181818,2638.91411927659,"CYP1B1","3-NITROFLUORANTHENE"
"diarylpropionitrile CTD 00004308","1/13",0.00324605087508978,0.037229275963085,0,0,416.3125,2385.60223672184,"PTEN","diarylpropionitrile"
"paxilline CTD 00002121","1/14",0.00349539889312047,0.037229275963085,0,0,384.269230769231,2173.54503857692,"PTEN","paxilline"
"3',4'-Dimethoxyflavone CTD 00004571","1/14",0.00349539889312047,0.037229275963085,0,0,384.269230769231,2173.54503857692,"CYP1B1","3',4'-Dimethoxyflavone"
"7-Hydroxyflavone CTD 00003940","1/14",0.00349539889312047,0.037229275963085,0,0,384.269230769231,2173.54503857692,"CYP1B1","7-Hydroxyflavone"
"4'-Methoxyflavone CTD 00004320","1/15",0.00374469708393798,0.037229275963085,0,0,356.803571428571,1993.60946675892,"CYP1B1","4'-Methoxyflavone"
"Carnosic acid CTD 00000939","1/15",0.00374469708393798,0.037229275963085,0,0,356.803571428571,1993.60946675892,"PTEN","Carnosic acid"
"naringin CTD 00000212","1/15",0.00374469708393798,0.037229275963085,0,0,356.803571428571,1993.60946675892,"CYP1B1","naringin"
"ERIODICTYOL TTD 00007879","1/15",0.00374469708393798,0.037229275963085,0,0,356.803571428571,1993.60946675892,"CYP1B1","ERIODICTYOL"
"Isorhamnetin CTD 00002092","1/16",0.00399394544865564,0.037229275963085,0,0,333,1839.15090890099,"CYP1B1","Isorhamnetin"
"Fenhexamid CTD 00004037","1/16",0.00399394544865564,0.037229275963085,0,0,333,1839.15090890099,"PTEN","Fenhexamid"
"PYRENE CTD 00001472","1/16",0.00399394544865564,0.037229275963085,0,0,333,1839.15090890099,"CYP1B1","PYRENE"
"benzo[a]pyrene-7,8-dione CTD 00002864","1/17",0.00424314398899693,0.037229275963085,0,0,312.171875,1705.22350136349,"CYP1B1","benzo[a]pyrene-7,8-dione"
"Solvent Yellow-?14 CTD 00001132","1/17",0.00424314398899693,0.037229275963085,0,0,312.171875,1705.22350136349,"CYP1B1","Solvent Yellow-?14"
"N-Hydroxy phip CTD 00002510","1/18",0.00449229270839297,0.037229275963085,0,0,293.794117647059,1588.07239728978,"CYP1B1","N-Hydroxy phip"
"kn-93 CTD 00002783","1/19",0.00474139160939957,0.037229275963085,0,0,277.458333333333,1484.79734988759,"CYP1B1","kn-93"
"doxycycline CTD 00005875","1/19",0.00474139160939957,0.037229275963085,0,0,277.458333333333,1484.79734988759,"CYP1B1","doxycycline"
"EIPA CTD 00001833","1/19",0.00474139160939957,0.037229275963085,0,0,277.458333333333,1484.79734988759,"CYP1B1","EIPA"
"Bergamottin CTD 00002714","1/19",0.00474139160939957,0.037229275963085,0,0,277.458333333333,1484.79734988759,"CYP1B1","Bergamottin"
"acacetin CTD 00001104","1/20",0.00499044069595166,0.037229275963085,0,0,262.842105263158,1393.12388948095,"CYP1B1","acacetin"
"AR-A014418 PC3 UP","1/20",0.00499044069595166,0.037229275963085,0,0,262.842105263158,1393.12388948095,"CYP1B1","AR-A014418"
"CP-690334-01 PC3 DOWN","1/20",0.00499044069595166,0.037229275963085,0,0,262.842105263158,1393.12388948095,"CYP1B1","CP-690334-01"
"NVP-BEZ235 CTD 00004861","1/20",0.00499044069595166,0.037229275963085,0,0,262.842105263158,1393.12388948095,"PTEN","NVP-BEZ235"
"deferoxamine MCF7 DOWN","1/20",0.00499044069595166,0.037229275963085,0,0,262.842105263158,1393.12388948095,"CYP1B1","deferoxamine"
"DIETHYL PHTHALATE CTD 00000348","1/20",0.00499044069595166,0.037229275963085,0,0,262.842105263158,1393.12388948095,"CYP1B1","DIETHYL PHTHALATE"
"acacetin TTD 00001549","1/20",0.00499044069595166,0.037229275963085,0,0,262.842105263158,1393.12388948095,"CYP1B1","acacetin"
"Nobiletin CTD 00000424","1/21",0.00523943997247116,0.037229275963085,0,0,249.6875,1311.24405900402,"CYP1B1","Nobiletin"
"CP-690334-01 MCF7 DOWN","1/21",0.00523943997247116,0.037229275963085,0,0,249.6875,1311.24405900402,"CYP1B1","CP-690334-01"
"Rutaecarpine CTD 00001353","1/21",0.00523943997247116,0.037229275963085,0,0,249.6875,1311.24405900402,"CYP1B1","Rutaecarpine"
"pramocaine PC3 DOWN","1/22",0.00548838944332051,0.037229275963085,0,0,237.785714285714,1237.70327900363,"CYP1B1","pramocaine"
"Oltipraz CTD 00001231","1/22",0.00548838944332051,0.037229275963085,0,0,237.785714285714,1237.70327900363,"CYP1B1","Oltipraz"
"syrosingopine PC3 DOWN","1/22",0.00548838944332051,0.037229275963085,0,0,237.785714285714,1237.70327900363,"CYP1B1","syrosingopine"
"calyculin A CTD 00002466","1/22",0.00548838944332051,0.037229275963085,0,0,237.785714285714,1237.70327900363,"CYP1B1","calyculin A"
"thiostrepton MCF7 DOWN","1/22",0.00548838944332051,0.037229275963085,0,0,237.785714285714,1237.70327900363,"CYP1B1","thiostrepton"
"Amentoflavone CTD 00000591","1/22",0.00548838944332051,0.037229275963085,0,0,237.785714285714,1237.70327900363,"CYP1B1","Amentoflavone"
"lomustine MCF7 DOWN","1/22",0.00548838944332051,0.037229275963085,0,0,237.785714285714,1237.70327900363,"CYP1B1","lomustine"
"Butyl 4-hydroxybenzoate CTD 00001781","1/23",0.00573728911332865,0.037229275963085,0,0,226.965909090909,1171.31850515834,"CYP1B1","Butyl 4-hydroxybenzoate"
"FLAVONE CTD 00001977","1/23",0.00573728911332865,0.037229275963085,0,0,226.965909090909,1171.31850515834,"CYP1B1","FLAVONE"
"tracazolate HL60 DOWN","1/23",0.00573728911332865,0.037229275963085,0,0,226.965909090909,1171.31850515834,"CYP1B1","tracazolate"
"IN1541 CTD 00001481","1/23",0.00573728911332865,0.037229275963085,0,0,226.965909090909,1171.31850515834,"PTEN","IN1541"
"biotin CTD 00005513","1/23",0.00573728911332865,0.037229275963085,0,0,226.965909090909,1171.31850515834,"CYP1B1","biotin"
"alvespimycin MCF7 DOWN","1/23",0.00573728911332865,0.037229275963085,0,0,226.965909090909,1171.31850515834,"CYP1B1","alvespimycin"
"PHENANTHRENE CTD 00001483","1/23",0.00573728911332865,0.037229275963085,0,0,226.965909090909,1171.31850515834,"CYP1B1","PHENANTHRENE"
"carbon monoxide CTD 00005586","1/24",0.00598613898759602,0.037229275963085,0,0,217.086956521739,1111.11804759418,"PTEN","carbon monoxide"
"skimmianine HL60 DOWN","1/24",0.00598613898759602,0.037229275963085,0,0,217.086956521739,1111.11804759418,"CYP1B1","skimmianine"
"tanespimycin ssMCF7 DOWN","1/24",0.00598613898759602,0.037229275963085,0,0,217.086956521739,1111.11804759418,"CYP1B1",NA
"pantothenic acid CTD 00006468","1/24",0.00598613898759602,0.037229275963085,0,0,217.086956521739,1111.11804759418,"CYP1B1","pantothenic acid"
"STOCK1N-35874 PC3 UP","1/24",0.00598613898759602,0.037229275963085,0,0,217.086956521739,1111.11804759418,"CYP1B1","STOCK1N-35874"
"Fludioxonil CTD 00003504","1/25",0.00623493907047315,0.037229275963085,0,0,208.03125,1056.29666076894,"PTEN","Fludioxonil"
"Vemurafenib BOSS","1/25",0.00623493907047315,0.037229275963085,0,0,208.03125,1056.29666076894,"PTEN","Vemurafenib"
"CHRYSENE CTD 00001482","1/25",0.00623493907047315,0.037229275963085,0,0,208.03125,1056.29666076894,"CYP1B1","CHRYSENE"
"5253409 MCF7 UP","1/25",0.00623493907047315,0.037229275963085,0,0,208.03125,1056.29666076894,"CYP1B1","5253409"
"1,4-NAPHTHOQUINONE CTD 00001683","1/25",0.00623493907047315,0.037229275963085,0,0,208.03125,1056.29666076894,"CYP1B1","1,4-NAPHTHOQUINONE"
"carnosol CTD 00002718","1/25",0.00623493907047315,0.037229275963085,0,0,208.03125,1056.29666076894,"CYP1B1","carnosol"
"nifuroxazide HL60 DOWN","1/25",0.00623493907047315,0.037229275963085,0,0,208.03125,1056.29666076894,"CYP1B1","nifuroxazide"
"1-NAPHTHOL CTD 00001379","1/26",0.00648368936979889,0.037229275963085,0,0,199.7,1006.18157701364,"CYP1B1","1-NAPHTHOL"
"Prochloraz CTD 00002021","1/26",0.00648368936979889,0.037229275963085,0,0,199.7,1006.18157701364,"CYP1B1","Prochloraz"
"celastrol MCF7 DOWN","1/26",0.00648368936979889,0.037229275963085,0,0,199.7,1006.18157701364,"CYP1B1","celastrol"
"Temsirolimus BOSS","1/26",0.00648368936979889,0.037229275963085,0,0,199.7,1006.18157701364,"PTEN","Temsirolimus"
"indolo[3,2-b]carbazole CTD 00002853","1/26",0.00648368936979889,0.037229275963085,0,0,199.7,1006.18157701364,"CYP1B1","indolo[3,2-b]carbazole"
