"Term","Overlap","P.value","Adjusted.P.value","Old.P.value","Old.Adjusted.P.value","Odds.Ratio","Combined.Score","Genes"
"FLAVANONE CTD 00001352","2/19",8.53534381334727e-06,0.00470297444115435,0,0,783.450980392157,9143.88744734004,"PTEN;CYP1B1"
"cycloheximide CTD 00005731","3/324",4.11188185189539e-05,0.0113282345019718,0,0,91.9345794392523,928.451424451309,"PTEN;CYP1B1;DEGS1"
"mesalazine MCF7 DOWN","2/78",0.00014901384711723,0.027368876587198,0,0,174.728070175439,1539.61137961533,"PTEN;CYP1B1"
"Tetradioxin CTD 00006848","5/3768",0.000236839523318215,0.0307371113634855,0,0,81160,677534.049243217,"HSDL2;PTEN;CYP1B1;DEGS1;OSBPL1A"
"sulpiride PC3 DOWN","3/617",0.000278921155748507,0.0307371113634855,0,0,47.3477198697068,387.521267944488,"HSDL2;CYP1B1;DEGS1"
"DEOXYNIVALENOL CTD 00000341","2/130",0.00041391715119355,0.037229275963085,0,0,103.473958333333,806.046068193075,"PTEN;CYP1B1"
"daunorubicin CTD 00005752","2/146",0.000521680506296896,0.037229275963085,0,0,91.9027777777778,694.643029909295,"PTEN;CYP1B1"
"LY 294002 CTD 00003061","2/227",0.00125396684958495,0.037229275963085,0,0,58.5777777777778,391.384099272334,"PTEN;CYP1B1"
"3,3',4,4',5-Pentachlorobiphenyl CTD 00001077","2/237",0.00136576343096296,0.037229275963085,0,0,56.0567375886525,369.752579631636,"HSDL2;CYP1B1"
"PD 98059 CTD 00003206","2/262",0.0016655774402143,0.037229275963085,0,0,50.6025641025641,323.734124339615,"PTEN;CYP1B1"
"Premarin CTD 00005926","2/265",0.00170349839861225,0.037229275963085,0,0,50.0177439797212,318.866682181229,"PTEN;CYP1B1"
"3-methylcholanthrene CTD 00006310","2/297",0.00213373756344181,0.037229275963085,0,0,44.5197740112994,273.791272799337,"CYP1B1;DEGS1"
"Fulvestrant CTD 00002740","2/310",0.00232190418486927,0.037229275963085,0,0,42.6125541125541,258.460807650308,"PTEN;CYP1B1"
"N-Acetyl-L-cysteine CTD 00005305","2/315",0.0023963239680355,0.037229275963085,0,0,41.9211927582535,252.944905961263,"PTEN;CYP1B1"
"thiostrepton HL60 DOWN","2/325",0.00254856686001915,0.037229275963085,0,0,40.6026831785346,242.488322738803,"CYP1B1;OSBPL1A"
"TERT-BUTYL HYDROPEROXIDE CTD 00007349","3/1341",0.00271419993431044,0.037229275963085,0,0,20.9159192825112,123.597564446021,"PTEN;CYP1B1;OSBPL1A"
"Galangin TTD 00008147","1/11",0.00274720535833692,0.037229275963085,0,0,499.625,2946.37411950643,"CYP1B1"
"MCDF CTD 00002334","1/11",0.00274720535833692,0.037229275963085,0,0,499.625,2946.37411950643,"CYP1B1"
"trans-1,2-Dihydro-1,2-naphthalenediol CTD 00004552","1/11",0.00274720535833692,0.037229275963085,0,0,499.625,2946.37411950643,"CYP1B1"
"PRIMAQUINE CTD 00006613","1/11",0.00274720535833692,0.037229275963085,0,0,499.625,2946.37411950643,"CYP1B1"
"5-azacytidine CTD 00005455","2/352",0.00298218895501525,0.037229275963085,0,0,37.4190476190476,217.595417725164,"PTEN;CYP1B1"
"2,3,4,7,8-PENTACHLORODIBENZOFURAN CTD 00001811","1/12",0.00299665302989365,0.037229275963085,0,0,454.181818181818,2638.91411927659,"CYP1B1"
"Norharman CTD 00000536","1/12",0.00299665302989365,0.037229275963085,0,0,454.181818181818,2638.91411927659,"CYP1B1"
"quercitrin CTD 00000657","1/12",0.00299665302989365,0.037229275963085,0,0,454.181818181818,2638.91411927659,"CYP1B1"
"2'-Hydroxychalcone CTD 00000681","1/12",0.00299665302989365,0.037229275963085,0,0,454.181818181818,2638.91411927659,"CYP1B1"
"5,7-Dimethoxyflavone CTD 00002502","1/12",0.00299665302989365,0.037229275963085,0,0,454.181818181818,2638.91411927659,"CYP1B1"
"Chrysoeriol CTD 00000330","1/12",0.00299665302989365,0.037229275963085,0,0,454.181818181818,2638.91411927659,"CYP1B1"
"ANILINE CTD 00001100","1/12",0.00299665302989365,0.037229275963085,0,0,454.181818181818,2638.91411927659,"CYP1B1"
"3-NITROFLUORANTHENE CTD 00001617","1/12",0.00299665302989365,0.037229275963085,0,0,454.181818181818,2638.91411927659,"CYP1B1"
"diarylpropionitrile CTD 00004308","1/13",0.00324605087508978,0.037229275963085,0,0,416.3125,2385.60223672184,"PTEN"
"paxilline CTD 00002121","1/14",0.00349539889312047,0.037229275963085,0,0,384.269230769231,2173.54503857692,"PTEN"
"3',4'-Dimethoxyflavone CTD 00004571","1/14",0.00349539889312047,0.037229275963085,0,0,384.269230769231,2173.54503857692,"CYP1B1"
"7-Hydroxyflavone CTD 00003940","1/14",0.00349539889312047,0.037229275963085,0,0,384.269230769231,2173.54503857692,"CYP1B1"
"4'-Methoxyflavone CTD 00004320","1/15",0.00374469708393798,0.037229275963085,0,0,356.803571428571,1993.60946675892,"CYP1B1"
"Carnosic acid CTD 00000939","1/15",0.00374469708393798,0.037229275963085,0,0,356.803571428571,1993.60946675892,"PTEN"
"naringin CTD 00000212","1/15",0.00374469708393798,0.037229275963085,0,0,356.803571428571,1993.60946675892,"CYP1B1"
"ERIODICTYOL TTD 00007879","1/15",0.00374469708393798,0.037229275963085,0,0,356.803571428571,1993.60946675892,"CYP1B1"
"NICKEL CHLORIDE CTD 00001064","2/399",0.00381488376655755,0.037229275963085,0,0,32.9101595298069,183.271580051703,"PTEN;DEGS1"
"MG-262 MCF7 DOWN","2/407",0.00396638522044365,0.037229275963085,0,0,32.2469135802469,178.322211369888,"CYP1B1;DEGS1"
"Isorhamnetin CTD 00002092","1/16",0.00399394544865564,0.037229275963085,0,0,333,1839.15090890099,"CYP1B1"
"Fenhexamid CTD 00004037","1/16",0.00399394544865564,0.037229275963085,0,0,333,1839.15090890099,"PTEN"
"PYRENE CTD 00001472","1/16",0.00399394544865564,0.037229275963085,0,0,333,1839.15090890099,"CYP1B1"
"benzo[a]pyrene-7,8-dione CTD 00002864","1/17",0.00424314398899693,0.037229275963085,0,0,312.171875,1705.22350136349,"CYP1B1"
"Solvent Yellow-?14 CTD 00001132","1/17",0.00424314398899693,0.037229275963085,0,0,312.171875,1705.22350136349,"CYP1B1"
"N-Hydroxy phip CTD 00002510","1/18",0.00449229270839297,0.037229275963085,0,0,293.794117647059,1588.07239728978,"CYP1B1"
"clindamycin HL60 DOWN","3/1626",0.00473259237161012,0.037229275963085,0,0,16.9796672828096,90.8969498884737,"PTEN;CYP1B1;DEGS1"
"kn-93 CTD 00002783","1/19",0.00474139160939957,0.037229275963085,0,0,277.458333333333,1484.79734988759,"CYP1B1"
"doxycycline CTD 00005875","1/19",0.00474139160939957,0.037229275963085,0,0,277.458333333333,1484.79734988759,"CYP1B1"
"EIPA CTD 00001833","1/19",0.00474139160939957,0.037229275963085,0,0,277.458333333333,1484.79734988759,"CYP1B1"
"Bergamottin CTD 00002714","1/19",0.00474139160939957,0.037229275963085,0,0,277.458333333333,1484.79734988759,"CYP1B1"
"acacetin CTD 00001104","1/20",0.00499044069595166,0.037229275963085,0,0,262.842105263158,1393.12388948095,"CYP1B1"
"AR-A014418 PC3 UP","1/20",0.00499044069595166,0.037229275963085,0,0,262.842105263158,1393.12388948095,"CYP1B1"
"CP-690334-01 PC3 DOWN","1/20",0.00499044069595166,0.037229275963085,0,0,262.842105263158,1393.12388948095,"CYP1B1"
"NVP-BEZ235 CTD 00004861","1/20",0.00499044069595166,0.037229275963085,0,0,262.842105263158,1393.12388948095,"PTEN"
"deferoxamine MCF7 DOWN","1/20",0.00499044069595166,0.037229275963085,0,0,262.842105263158,1393.12388948095,"CYP1B1"
"DIETHYL PHTHALATE CTD 00000348","1/20",0.00499044069595166,0.037229275963085,0,0,262.842105263158,1393.12388948095,"CYP1B1"
"acacetin TTD 00001549","1/20",0.00499044069595166,0.037229275963085,0,0,262.842105263158,1393.12388948095,"CYP1B1"
"Nobiletin CTD 00000424","1/21",0.00523943997247116,0.037229275963085,0,0,249.6875,1311.24405900402,"CYP1B1"
"CP-690334-01 MCF7 DOWN","1/21",0.00523943997247116,0.037229275963085,0,0,249.6875,1311.24405900402,"CYP1B1"
"Rutaecarpine CTD 00001353","1/21",0.00523943997247116,0.037229275963085,0,0,249.6875,1311.24405900402,"CYP1B1"
"pramocaine PC3 DOWN","1/22",0.00548838944332051,0.037229275963085,0,0,237.785714285714,1237.70327900363,"CYP1B1"
"Oltipraz CTD 00001231","1/22",0.00548838944332051,0.037229275963085,0,0,237.785714285714,1237.70327900363,"CYP1B1"
"syrosingopine PC3 DOWN","1/22",0.00548838944332051,0.037229275963085,0,0,237.785714285714,1237.70327900363,"CYP1B1"
"calyculin A CTD 00002466","1/22",0.00548838944332051,0.037229275963085,0,0,237.785714285714,1237.70327900363,"CYP1B1"
"thiostrepton MCF7 DOWN","1/22",0.00548838944332051,0.037229275963085,0,0,237.785714285714,1237.70327900363,"CYP1B1"
"Amentoflavone CTD 00000591","1/22",0.00548838944332051,0.037229275963085,0,0,237.785714285714,1237.70327900363,"CYP1B1"
"lomustine MCF7 DOWN","1/22",0.00548838944332051,0.037229275963085,0,0,237.785714285714,1237.70327900363,"CYP1B1"
"digitoxigenin PC3 UP","2/483",0.00554538272345793,0.037229275963085,0,0,27.046431046431,140.500519777301,"PTEN;CYP1B1"
"Butyl 4-hydroxybenzoate CTD 00001781","1/23",0.00573728911332865,0.037229275963085,0,0,226.965909090909,1171.31850515834,"CYP1B1"
"FLAVONE CTD 00001977","1/23",0.00573728911332865,0.037229275963085,0,0,226.965909090909,1171.31850515834,"CYP1B1"
"tracazolate HL60 DOWN","1/23",0.00573728911332865,0.037229275963085,0,0,226.965909090909,1171.31850515834,"CYP1B1"
"IN1541 CTD 00001481","1/23",0.00573728911332865,0.037229275963085,0,0,226.965909090909,1171.31850515834,"PTEN"
"biotin CTD 00005513","1/23",0.00573728911332865,0.037229275963085,0,0,226.965909090909,1171.31850515834,"CYP1B1"
"alvespimycin MCF7 DOWN","1/23",0.00573728911332865,0.037229275963085,0,0,226.965909090909,1171.31850515834,"CYP1B1"
"PHENANTHRENE CTD 00001483","1/23",0.00573728911332865,0.037229275963085,0,0,226.965909090909,1171.31850515834,"CYP1B1"
"carbon monoxide CTD 00005586","1/24",0.00598613898759602,0.037229275963085,0,0,217.086956521739,1111.11804759418,"PTEN"
"skimmianine HL60 DOWN","1/24",0.00598613898759602,0.037229275963085,0,0,217.086956521739,1111.11804759418,"CYP1B1"
"tanespimycin ssMCF7 DOWN","1/24",0.00598613898759602,0.037229275963085,0,0,217.086956521739,1111.11804759418,"CYP1B1"
"pantothenic acid CTD 00006468","1/24",0.00598613898759602,0.037229275963085,0,0,217.086956521739,1111.11804759418,"CYP1B1"
"STOCK1N-35874 PC3 UP","1/24",0.00598613898759602,0.037229275963085,0,0,217.086956521739,1111.11804759418,"CYP1B1"
"Fludioxonil CTD 00003504","1/25",0.00623493907047315,0.037229275963085,0,0,208.03125,1056.29666076894,"PTEN"
"Vemurafenib BOSS","1/25",0.00623493907047315,0.037229275963085,0,0,208.03125,1056.29666076894,"PTEN"
"CHRYSENE CTD 00001482","1/25",0.00623493907047315,0.037229275963085,0,0,208.03125,1056.29666076894,"CYP1B1"
"5253409 MCF7 UP","1/25",0.00623493907047315,0.037229275963085,0,0,208.03125,1056.29666076894,"CYP1B1"
"1,4-NAPHTHOQUINONE CTD 00001683","1/25",0.00623493907047315,0.037229275963085,0,0,208.03125,1056.29666076894,"CYP1B1"
"carnosol CTD 00002718","1/25",0.00623493907047315,0.037229275963085,0,0,208.03125,1056.29666076894,"CYP1B1"
"nifuroxazide HL60 DOWN","1/25",0.00623493907047315,0.037229275963085,0,0,208.03125,1056.29666076894,"CYP1B1"
"Decitabine CTD 00000750","3/1800",0.00633294484626747,0.037229275963085,0,0,15.1903171953255,76.8932326827485,"HSDL2;PTEN;CYP1B1"
"1-NAPHTHOL CTD 00001379","1/26",0.00648368936979889,0.037229275963085,0,0,199.7,1006.18157701364,"CYP1B1"
"Prochloraz CTD 00002021","1/26",0.00648368936979889,0.037229275963085,0,0,199.7,1006.18157701364,"CYP1B1"
"celastrol MCF7 DOWN","1/26",0.00648368936979889,0.037229275963085,0,0,199.7,1006.18157701364,"CYP1B1"
"Temsirolimus BOSS","1/26",0.00648368936979889,0.037229275963085,0,0,199.7,1006.18157701364,"PTEN"
"indolo[3,2-b]carbazole CTD 00002853","1/26",0.00648368936979889,0.037229275963085,0,0,199.7,1006.18157701364,"CYP1B1"
"oxygen CTD 00006454","2/524",0.00650080841607905,0.037229275963085,0,0,24.8697318007663,125.239710111377,"PTEN;CYP1B1"
"Benzo(a)pyrene 7,8-dihydrodiol CTD 00000887","1/27",0.00673238988859165,0.037229275963085,0,0,192.009615384615,960.206501870871,"CYP1B1"
"Ici 118551 CTD 00001255","1/27",0.00673238988859165,0.037229275963085,0,0,192.009615384615,960.206501870871,"CYP1B1"
"Galangin CTD 00001740","1/27",0.00673238988859165,0.037229275963085,0,0,192.009615384615,960.206501870871,"CYP1B1"
"chrysin TTD 00007164","1/27",0.00673238988859165,0.037229275963085,0,0,192.009615384615,960.206501870871,"CYP1B1"
"quercetin PC3 DOWN","1/28",0.00698104063423331,0.037229275963085,0,0,184.888888888889,917.891480308298,"CYP1B1"
"formononetin CTD 00000369","1/28",0.00698104063423331,0.037229275963085,0,0,184.888888888889,917.891480308298,"CYP1B1"
"puromycin PC3 UP","2/552",0.00719436877608936,0.037229275963085,0,0,23.569696969697,116.303648502213,"CYP1B1;OSBPL1A"
"tanespimycin HL60 DOWN","1/29",0.00722964161170616,0.037229275963085,0,0,178.276785714286,878.827148224897,"CYP1B1"
"Triclocarban CTD 00000497","1/29",0.00722964161170616,0.037229275963085,0,0,178.276785714286,878.827148224897,"CYP1B1"
"withaferin A PC3 DOWN","1/29",0.00722964161170616,0.037229275963085,0,0,178.276785714286,878.827148224897,"CYP1B1"
"phosphatidylcholines CTD 00006538","1/29",0.00722964161170616,0.037229275963085,0,0,178.276785714286,878.827148224897,"PTEN"
"butyl hydroxybenzoate PC3 DOWN","1/29",0.00722964161170616,0.037229275963085,0,0,178.276785714286,878.827148224897,"CYP1B1"
"Alizarin CTD 00000524","1/29",0.00722964161170616,0.037229275963085,0,0,178.276785714286,878.827148224897,"CYP1B1"
"OLEANOLIC ACID CTD 00006433","1/30",0.00747819282854126,0.0374589477138748,0,0,172.120689655172,842.662296146542,"PTEN"
"chlorophyllin CTD 00000324","1/30",0.00747819282854126,0.0374589477138748,0,0,172.120689655172,842.662296146542,"CYP1B1"
"atovaquone MCF7 UP","1/30",0.00747819282854126,0.0374589477138748,0,0,172.120689655172,842.662296146542,"CYP1B1"
"Indeno[1,2,3-cd]pyrene CTD 00001895","1/31",0.007726694289036,0.0381424555701302,0,0,166.375,809.093962505696,"CYP1B1"
"nicardipine CTD 00006388","1/32",0.00797514600014876,0.0381424555701302,0,0,161,777.859477043269,"CYP1B1"
"sirolimus MCF7 UP","1/32",0.00797514600014876,0.0381424555701302,0,0,161,777.859477043269,"CYP1B1"
"withaferin A MCF7 DOWN","1/32",0.00797514600014876,0.0381424555701302,0,0,161,777.859477043269,"CYP1B1"
"AH 6809 CTD 00002290","1/33",0.00822354796912648,0.0381424555701302,0,0,155.9609375,748.730022278245,"CYP1B1"
"AH 23848 CTD 00002080","1/33",0.00822354796912648,0.0381424555701302,0,0,155.9609375,748.730022278245,"CYP1B1"
"quercetin MCF7 UP","1/34",0.00847190020148784,0.0381424555701302,0,0,151.227272727273,721.505386318462,"CYP1B1"
"suramin CTD 00006822","1/34",0.00847190020148784,0.0381424555701302,0,0,151.227272727273,721.505386318462,"CYP1B1"
"Benzyl butyl phthalate CTD 00001292","1/34",0.00847190020148784,0.0381424555701302,0,0,151.227272727273,721.505386318462,"CYP1B1"
"BISPHENOL A DIGLYCIDYL ETHER CTD 00000976","1/34",0.00847190020148784,0.0381424555701302,0,0,151.227272727273,721.505386318462,"PTEN"
"geldanamycin MCF7 DOWN","1/34",0.00847190020148784,0.0381424555701302,0,0,151.227272727273,721.505386318462,"CYP1B1"
"kaempferol TTD 00008767","1/34",0.00847190020148784,0.0381424555701302,0,0,151.227272727273,721.505386318462,"CYP1B1"
"Retinoic acid CTD 00006918","4/4258",0.00851455904741564,0.0381424555701302,0,0,14.8011283497884,70.541848413624,"HSDL2;PTEN;CYP1B1;DEGS1"
"etifenin PC3 DOWN","2/609",0.00870785987968654,0.0386937967234458,0,0,21.2937946183416,101.007737120007,"CYP1B1;OSBPL1A"
"vorinostat MCF7 UP","2/613",0.00881913677956342,0.0388747549243155,0,0,21.1500272776869,100.057210714386,"HSDL2;DEGS1"
"primaquine MCF7 UP","1/36",0.00896845548275989,0.0389103855984307,0,0,142.571428571429,672.087674444452,"CYP1B1"
"BAS-012416453 PC3 DOWN","1/36",0.00896845548275989,0.0389103855984307,0,0,142.571428571429,672.087674444452,"CYP1B1"
"STOCK1N-35696 PC3 UP","1/37",0.00921665854482154,0.0393672779705168,0,0,138.604166666667,649.602069210737,"CYP1B1"
"cloperastine PC3 DOWN","1/37",0.00921665854482154,0.0393672779705168,0,0,138.604166666667,649.602069210737,"CYP1B1"
"362-05-0 CTD 00000041","1/38",0.00946481189593688,0.0398100103409254,0,0,134.851351351351,628.430811079944,"CYP1B1"
"OZONE CTD 00006460","1/38",0.00946481189593688,0.0398100103409254,0,0,134.851351351351,628.430811079944,"CYP1B1"
"1,6,7,8,9,11a,12,13,14,14a-Decahydro-1,13-dihydroxy-6-methyl-4H-cyclopent [f]oxacyclotridecin-4-one CTD 00007351","1/39",0.00971291554485079,0.0402392215429533,0,0,131.296052631579,608.465136485093,"CYP1B1"
"AC1L1I3Y CTD 00006365","1/39",0.00971291554485079,0.0402392215429533,0,0,131.296052631579,608.465136485093,"CYP1B1"
"neostigmine bromide PC3 DOWN","2/650",0.00987961202053571,0.0402920805058374,0,0,19.9043209876543,91.9038637583614,"CYP1B1;OSBPL1A"
"cilostazol CTD 00002032","1/40",0.0099609694951761,0.0402920805058374,0,0,127.923076923077,589.607807093397,"PTEN"
"Sunitinib CTD 00004175","1/41",0.0102089737568119,0.0402920805058374,0,0,124.71875,571.771633377479,"PTEN"
"RUTIN CTD 00006712","1/41",0.0102089737568119,0.0402920805058374,0,0,124.71875,571.771633377479,"CYP1B1"
"CHEMBL35349 CTD 00001274","1/41",0.0102089737568119,0.0402920805058374,0,0,124.71875,571.771633377479,"CYP1B1"
"resveratrol PC3 DOWN","1/42",0.0104569283345458,0.0402920805058374,0,0,121.670731707317,554.878218723978,"CYP1B1"
"rimexolone HL60 DOWN","1/42",0.0104569283345458,0.0402920805058374,0,0,121.670731707317,554.878218723978,"CYP1B1"
"naphthalene CTD 00001527","1/42",0.0104569283345458,0.0402920805058374,0,0,121.670731707317,554.878218723978,"CYP1B1"
"naringenin CTD 00000211","1/42",0.0104569283345458,0.0402920805058374,0,0,121.670731707317,554.878218723978,"CYP1B1"
"PURPURIN CTD 00003820","1/42",0.0104569283345458,0.0402920805058374,0,0,121.670731707317,554.878218723978,"CYP1B1"
"1,3,5[10]-Estratriene-3,4,17 beta-triol CTD 00000733","1/43",0.0107048332367717,0.0406783662997324,0,0,118.767857142857,538.856886224195,"CYP1B1"
"0173570-0000 PC3 DOWN","1/43",0.0107048332367717,0.0406783662997324,0,0,118.767857142857,538.856886224195,"CYP1B1"
"dibutyl phthalate CTD 00005795","1/44",0.0109526884693577,0.0408706769213002,0,0,116,523.643758342585,"CYP1B1"
"cyproheptadine PC3 DOWN","1/44",0.0109526884693577,0.0408706769213002,0,0,116,523.643758342585,"CYP1B1"
"scriptaid MCF7 UP","2/688",0.0110267864892414,0.0408706769213002,0,0,18.7648202137998,84.5810728741874,"HSDL2;DEGS1"
"promethazine PC3 DOWN","1/45",0.0112004940383236,0.0408706769213002,0,0,113.357954545455,509.180964486494,"CYP1B1"
"p,p'-DDE CTD 00005754","1/45",0.0112004940383236,0.0408706769213002,0,0,113.357954545455,509.180964486494,"CYP1B1"
"okadaic acid BOSS","1/45",0.0112004940383236,0.0408706769213002,0,0,113.357954545455,509.180964486494,"PTEN"
"Salicylate, sodium BOSS","1/46",0.0114482499529966,0.0409609462603968,0,0,110.833333333333,495.415956354284,"PTEN"
"DEHP CTD 00005816","1/46",0.0114482499529966,0.0409609462603968,0,0,110.833333333333,495.415956354284,"CYP1B1"
"Ferriheme chloride CTD 00006079","1/46",0.0114482499529966,0.0409609462603968,0,0,110.833333333333,495.415956354284,"PTEN"
"TETRACHLOROETHYLENE BOSS","1/47",0.0116959562183021,0.0410405163665728,0,0,108.41847826087,482.300914498126,"PTEN"
"apigenin TTD 00002101","1/48",0.0119436128411834,0.0410405163665728,0,0,106.106382978723,469.792232055872,"CYP1B1"
"lansoprazole CTD 00007481","1/48",0.0119436128411834,0.0410405163665728,0,0,106.106382978723,469.792232055872,"CYP1B1"
"progesterone HL60 DOWN","1/49",0.0121912198306987,0.0410405163665728,0,0,103.890625,457.850064403937,"CYP1B1"
"DICHLOROMETHANE CTD 00006313","1/49",0.0121912198306987,0.0410405163665728,0,0,103.890625,457.850064403937,"CYP1B1"
"clioquinol PC3 UP","1/49",0.0121912198306987,0.0410405163665728,0,0,103.890625,457.850064403937,"CYP1B1"
"etoposide HL60 DOWN","1/49",0.0121912198306987,0.0410405163665728,0,0,103.890625,457.850064403937,"OSBPL1A"
"ETHYLBENZENE CTD 00000178","1/50",0.0124387771927725,0.0410405163665728,0,0,101.765306122449,446.437935140061,"CYP1B1"
"O-XYLENE CTD 00001228","1/50",0.0124387771927725,0.0410405163665728,0,0,101.765306122449,446.437935140061,"CYP1B1"
"STOCK1N-35696 MCF7 UP","1/50",0.0124387771927725,0.0410405163665728,0,0,101.765306122449,446.437935140061,"CYP1B1"
"propranolol CTD 00006636","1/50",0.0124387771927725,0.0410405163665728,0,0,101.765306122449,446.437935140061,"CYP1B1"
"CAPECITABINE BOSS","1/50",0.0124387771927725,0.0410405163665728,0,0,101.765306122449,446.437935140061,"PTEN"
"monorden MCF7 UP","1/50",0.0124387771927725,0.0410405163665728,0,0,101.765306122449,446.437935140061,"OSBPL1A"
"nocodazole MCF7 DOWN","1/51",0.0126862849341824,0.0416079940400864,0,0,99.725,435.522390256301,"CYP1B1"
"0179445-0000 PC3 UP","1/52",0.0129337430598205,0.0416753943038659,0,0,97.7647058823529,425.072693906196,"CYP1B1"
"ethopropazine BOSS","1/52",0.0129337430598205,0.0416753943038659,0,0,97.7647058823529,425.072693906196,"PTEN"
"pararosaniline MCF7 UP","1/52",0.0129337430598205,0.0416753943038659,0,0,97.7647058823529,425.072693906196,"CYP1B1"
"doxorubicin CTD 00005874","2/750",0.0130228357800622,0.0417185029931063,0,0,17.1541889483066,74.4672067564492,"HSDL2;PTEN"
"LY-294002 HL60 DOWN","1/53",0.0131811515812902,0.0419815868282712,0,0,95.8798076923077,415.060559932682,"CYP1B1"
"Indole-3-carbinol CTD 00000845","1/54",0.0134285105037049,0.0420403936792126,0,0,94.0660377358491,405.459914594901,"CYP1B1"
"acacetin HL60 DOWN","1/54",0.0134285105037049,0.0420403936792126,0,0,94.0660377358491,405.459914594901,"CYP1B1"
"geldanamycin HL60 DOWN","1/54",0.0134285105037049,0.0420403936792126,0,0,94.0660377358491,405.459914594901,"CYP1B1"
"Lapatinib BOSS","1/55",0.0136758198325556,0.0425727498742266,0,0,92.3194444444444,396.246686077218,"PTEN"
"Paricalcitol CTD 00003033","1/57",0.014170289742456,0.043864211506142,0,0,89.0133928571429,378.895100372194,"CYP1B1"
"estrone CTD 00005927","1/58",0.0144174503390076,0.0438895863911227,0,0,87.4473684210526,370.717026091757,"CYP1B1"
"chlorprothixene PC3 DOWN","1/58",0.0144174503390076,0.0438895863911227,0,0,87.4473684210526,370.717026091757,"CYP1B1"
"GW9662 CTD 00004071","1/58",0.0144174503390076,0.0438895863911227,0,0,87.4473684210526,370.717026091757,"PTEN"
"Everolimus BOSS","1/59",0.0146645613684728,0.0443965566704865,0,0,85.9353448275862,362.846652966345,"PTEN"
"tamoxifen CTD 00006827","2/802",0.0148138150248237,0.0446033446922288,0,0,15.9958333333333,67.3775705628242,"PTEN;CYP1B1"
"H-89 PC3 DOWN","1/60",0.0149116228452911,0.0446538271073663,0,0,84.4745762711864,355.267487083311,"DEGS1"
"F0447-0125 MCF7 UP","1/61",0.0151586347698374,0.0451481500442185,0,0,83.0625,347.96417553925,"CYP1B1"
"toluene CTD 00006907","1/62",0.0154055971565865,0.0453929627448083,0,0,81.6967213114754,340.922410114916,"CYP1B1"
"alvespimycin MCF7 UP","1/62",0.0154055971565865,0.0453929627448083,0,0,81.6967213114754,340.922410114916,"OSBPL1A"
"thiostrepton PC3 DOWN","1/63",0.0156525100040084,0.0458751755968544,0,0,80.375,334.128840793773,"CYP1B1"
"chlorpyrifos CTD 00005880","1/64",0.0158993733235186,0.046108182638204,0,0,79.0952380952381,327.570997393791,"CYP1B1"
"alexidine PC3 UP","1/64",0.0158993733235186,0.046108182638204,0,0,79.0952380952381,327.570997393791,"CYP1B1"
"omeprazole CTD 00006436","1/65",0.0161461871258954,0.0463205960429883,0,0,77.85546875,321.237218930549,"CYP1B1"
"SANGUINARINE CTD 00000244","1/66",0.0163929514126728,0.0463205960429883,0,0,76.6538461538462,315.116589619202,"CYP1B1"
"Melatonin CTD 00006260","1/66",0.0163929514126728,0.0463205960429883,0,0,76.6538461538462,315.116589619202,"CYP1B1"
"h-89 CTD 00002586","1/66",0.0163929514126728,0.0463205960429883,0,0,76.6538461538462,315.116589619202,"CYP1B1"
"luteolin PC3 DOWN","1/66",0.0163929514126728,0.0463205960429883,0,0,76.6538461538462,315.116589619202,"CYP1B1"
"ciclopirox MCF7 DOWN","1/67",0.0166396661964727,0.0467778371135532,0,0,75.4886363636364,309.198880692339,"CYP1B1"
"captopril PC3 DOWN","2/856",0.0167843965728466,0.0469451904144085,0,0,14.9422326307572,61.0734711018891,"CYP1B1;OSBPL1A"
"Benz[a]anthracene CTD 00001470","1/69",0.01713294726931,0.0476780502292414,0,0,73.2610294117647,297.934432634127,"CYP1B1"
"136572-09-3 BOSS","1/70",0.0173795135752015,0.0479586328943943,0,0,72.195652173913,292.570219819561,"PTEN"
"trichostatin A MCF7 UP","2/874",0.0174659716315891,0.0479586328943943,0,0,14.6200305810398,59.1745850224797,"HSDL2;DEGS1"
"PHOSPHINE CTD 00006547","1/71",0.0176260304057791,0.0479586328943943,0,0,71.1607142857143,287.373896428125,"CYP1B1"
"GW-8510 MCF7 UP","1/71",0.0176260304057791,0.0479586328943943,0,0,71.1607142857143,287.373896428125,"CYP1B1"
"TBTO CTD 00000264","1/72",0.0178724977648703,0.0479586328943943,0,0,70.1549295774648,282.337965850601,"PTEN"
"baicalein CTD 00000302","1/72",0.0178724977648703,0.0479586328943943,0,0,70.1549295774648,282.337965850601,"CYP1B1"
"Benzo[b]fluoranthene CTD 00000306","1/73",0.0181189156620487,0.0479586328943943,0,0,69.1770833333333,277.455364357132,"CYP1B1"
"benzocaine PC3 DOWN","1/73",0.0181189156620487,0.0479586328943943,0,0,69.1770833333333,277.455364357132,"CYP1B1"
"8-azaguanine HL60 DOWN","2/897",0.0183546599206313,0.0479586328943943,0,0,14.2271880819367,56.8784738851097,"DEGS1;OSBPL1A"
"DMBA CTD 00007046","1/74",0.018365284102935,0.0479586328943943,0,0,68.2260273972603,272.719430604103,"CYP1B1"
"ns-398 CTD 00002958","1/74",0.018365284102935,0.0479586328943943,0,0,68.2260273972603,272.719430604103,"CYP1B1"
"ketoconazole CTD 00006190","1/74",0.018365284102935,0.0479586328943943,0,0,68.2260273972603,272.719430604103,"CYP1B1"
"Benzo[k]fluoranthene CTD 00001069","1/74",0.018365284102935,0.0479586328943943,0,0,68.2260273972603,272.719430604103,"CYP1B1"
"methapyrilene PC3 DOWN","1/76",0.0188578726507589,0.0490126784460763,0,0,66.4,263.66276705355,"CYP1B1"
"Dibenz[a,h]anthracene CTD 00001246","1/78",0.0193502634667733,0.0500563153530144,0,0,64.6688311688312,255.121723496479,"CYP1B1"
"temozolomide BOSS","1/79",0.0195963847396345,0.0502214325187842,0,0,63.8365384615385,251.031453818202,"PTEN"
"gefitinib HL60 DOWN","1/79",0.0195963847396345,0.0502214325187842,0,0,63.8365384615385,251.031453818202,"CYP1B1"
"lycorine MCF7 UP","1/80",0.0198424566057452,0.0506166369896555,0,0,63.0253164556962,247.054914696706,"CYP1B1"
"TRICHLOROETHYLENE CTD 00006932","1/81",0.0200884790625877,0.0510080735644507,0,0,62.234375,243.187591985921,"CYP1B1"
"yohimbic acid PC3 DOWN","1/82",0.0203344521241591,0.0513957941303287,0,0,61.462962962963,239.425203466437,"PTEN"
"biochanin A CTD 00000149","1/83",0.0205803757988252,0.0517798496125694,0,0,60.7103658536585,235.763684338333,"CYP1B1"
"Dibenzo[def,p]chrysene CTD 00001899","1/84",0.0208262500889298,0.052160289995456,0,0,59.9759036144578,232.199173720923,"CYP1B1"
"Isoflavone BOSS","1/85",0.0210720750045875,0.0525371643779536,0,0,59.2589285714286,228.728002100453,"PTEN"
"retinol CTD 00006991","1/86",0.0213178505521487,0.0528068034800405,0,0,58.5588235294118,225.346679757786,"CYP1B1"
"tanespimycin MCF7 UP","1/87",0.0215635767386735,0.0528068034800405,0,0,57.875,222.051885978165,"OSBPL1A"
"alsterpaullone PC3 UP","1/87",0.0215635767386735,0.0528068034800405,0,0,57.875,222.051885978165,"HSDL2"
"apigenin MCF7 DOWN","1/87",0.0215635767386735,0.0528068034800405,0,0,57.875,222.051885978165,"CYP1B1"
"IN1152 CTD 00001901","1/88",0.0218092535740446,0.0531721182269847,0,0,57.2068965517241,218.84045903048,"CYP1B1"
"Chlorophenothane CTD 00005755","1/90",0.0223004592144074,0.0538927764348179,0,0,55.9157303370786,212.655798455924,"CYP1B1"
"chrysin CTD 00001976","1/90",0.0223004592144074,0.0538927764348179,0,0,55.9157303370786,212.655798455924,"CYP1B1"
"7,8-Benzoflavone CTD 00000606","1/91",0.0225459880333307,0.0540123452450661,0,0,55.2916666666667,209.676955663718,"CYP1B1"
"LITHIUM BOSS","1/91",0.0225459880333307,0.0540123452450661,0,0,55.2916666666667,209.676955663718,"PTEN"
"pyrvinium MCF7 DOWN","1/92",0.0227914675292109,0.054129735381876,0,0,54.6813186813187,206.770245759688,"CYP1B1"
"ellipticine CTD 00001632","1/92",0.0227914675292109,0.054129735381876,0,0,54.6813186813187,206.770245759688,"CYP1B1"
"Sunitinib BOSS","1/93",0.0230368977064391,0.0544778138894761,0,0,54.0842391304348,203.933174379974,"PTEN"
"valinomycin PC3 UP","1/95",0.02352761014601,0.0554004837198782,0,0,52.9281914893617,198.458522523967,"CYP1B1"
"tretinoin MCF7 UP","1/96",0.0237728924186839,0.0554530685049116,0,0,52.3684210526316,195.81648814875,"DEGS1"
"apigenin PC3 DOWN","1/97",0.0240181254075563,0.0554530685049116,0,0,51.8203125,193.23517335892,"CYP1B1"
"lovastatin CTD 00006225","1/97",0.0240181254075563,0.0554530685049116,0,0,51.8203125,193.23517335892,"PTEN"
"Gefitinib BOSS","1/97",0.0240181254075563,0.0554530685049116,0,0,51.8203125,193.23517335892,"PTEN"
"anisomycin HL60 DOWN","2/1034",0.0240531458669217,0.0554530685049116,0,0,12.25,45.6617461999135,"DEGS1;OSBPL1A"
"Erlotinib BOSS","1/98",0.0242633091136396,0.0556701809133869,0,0,51.2835051546392,190.712585247944,"PTEN"
"okadaic acid CTD 00007275","1/99",0.024508443549027,0.0556701809133869,0,0,50.7576530612245,188.246815692934,"CYP1B1"
"alexidine MCF7 UP","1/99",0.024508443549027,0.0556701809133869,0,0,50.7576530612245,188.246815692934,"CYP1B1"
"myricetin CTD 00001847","1/100",0.0247535287182936,0.0556701809133869,0,0,50.2424242424242,185.836036973753,"CYP1B1"
"alexidine HL60 UP","1/100",0.0247535287182936,0.0556701809133869,0,0,50.2424242424242,185.836036973753,"CYP1B1"
"mefloquine PC3 UP","1/100",0.0247535287182936,0.0556701809133869,0,0,50.2424242424242,185.836036973753,"CYP1B1"
"myo-inositol BOSS","1/101",0.0249985646287561,0.0557660287872251,0,0,49.7375,183.478497602064,"PTEN"
"1,2,4-BENZENETRIOL CTD 00000682","1/101",0.0249985646287561,0.0557660287872251,0,0,49.7375,183.478497602064,"CYP1B1"
"azacitidine MCF7 UP","1/103",0.025488488708856,0.0566296664458856,0,0,48.7573529411765,178.916488982314,"CYP1B1"
"resveratrol MCF7 DOWN","1/104",0.0257333768915334,0.0567163626689395,0,0,48.2815533980583,176.708864043101,"CYP1B1"
"3,3'-Diindolylmethane CTD 00000841","1/104",0.0257333768915334,0.0567163626689395,0,0,48.2815533980583,176.708864043101,"CYP1B1"
"Imatinib CTD 00003267","1/105",0.0259782158449948,0.0570278762174984,0,0,47.8149038461538,174.548160380973,"PTEN"
"Dasatinib BOSS","1/106",0.026223005581082,0.057110182115321,0,0,47.3571428571429,172.432953709799,"PTEN"
"kaempferol CTD 00000297","1/106",0.026223005581082,0.057110182115321,0,0,47.3571428571429,172.432953709799,"CYP1B1"
"daunorubicin BOSS","1/108",0.0267124374131317,0.0575711272058381,0,0,46.4672897196262,168.333611949196,"PTEN"
"clomipramine PC3 DOWN","1/108",0.0267124374131317,0.0575711272058381,0,0,46.4672897196262,168.333611949196,"CYP1B1"
"clonidine HL60 DOWN","1/109",0.0269570795265086,0.0575711272058381,0,0,46.0347222222222,166.346898022579,"OSBPL1A"
"lomustine PC3 DOWN","1/109",0.0269570795265086,0.0575711272058381,0,0,46.0347222222222,166.346898022579,"CYP1B1"
"celecoxib BOSS","1/109",0.0269570795265086,0.0575711272058381,0,0,46.0347222222222,166.346898022579,"PTEN"
"docetaxel CTD 00002688","1/110",0.027201672447497,0.0578691950523971,0,0,45.6100917431193,164.400518470325,"CYP1B1"
"beta-Levulose BOSS","1/112",0.0276907107529675,0.0582350443697905,0,0,44.7837837837838,160.624128645117,"PTEN"
"apigenin CTD 00007429","1/112",0.0276907107529675,0.0582350443697905,0,0,44.7837837837838,160.624128645117,"CYP1B1"
"emodin CTD 00005893","1/112",0.0276907107529675,0.0582350443697905,0,0,44.7837837837838,160.624128645117,"CYP1B1"
"menadione PC3 UP","1/113",0.027935156143684,0.058525745380874,0,0,44.3816964285714,158.791909424441,"CYP1B1"
"Glycidamide CTD 00002776","1/114",0.0281795523721255,0.0588141415039436,0,0,43.9867256637168,156.995602705958,"CYP1B1"
"AH-23848 PC3 UP","1/116",0.028668197377471,0.0593841231390472,0,0,43.2173913043478,153.506742377312,"DEGS1"
"disulfiram CTD 00005860","1/116",0.028668197377471,0.0593841231390472,0,0,43.2173913043478,153.506742377312,"PTEN"
"fendiline MCF7 UP","1/117",0.0289124461657949,0.0595110095451088,0,0,42.8426724137931,151.812286231042,"CYP1B1"
"7646-79-9 CTD 00000928","3/3094",0.0289454638077843,0.0595110095451088,0,0,8.20317049498544,29.0584335549491,"PTEN;CYP1B1;DEGS1"
"Nandrolone phenpropionate BOSS","1/119",0.0294007963480031,0.0602224490250918,0,0,42.1122881355932,148.518818101686,"PTEN"
"luteolin CTD 00007430","1/120",0.0296448977618511,0.0602743124235422,0,0,41.7563025210084,146.918099412759,"CYP1B1"
"azacitidine PC3 UP","1/120",0.0296448977618511,0.0602743124235422,0,0,41.7563025210084,146.918099412759,"CYP1B1"
"niclosamide MCF7 UP","1/123",0.0303769073612365,0.061535573367799,0,0,40.7233606557377,142.29037805694,"CYP1B1"
"Dinoprostone CTD 00007049","1/127",0.0313522329588074,0.062818474037465,0,0,39.4226190476191,136.499627403737,"CYP1B1"
"daidzein CTD 00000166","1/127",0.0313522329588074,0.062818474037465,0,0,39.4226190476191,136.499627403737,"CYP1B1"
"methyprylon BOSS","1/127",0.0313522329588074,0.062818474037465,0,0,39.4226190476191,136.499627403737,"PTEN"
"formaldehyde CTD 00006001","3/3192",0.0315238287823026,0.0628803596988572,0,0,7.90498588899341,27.3276275196497,"HSDL2;PTEN;CYP1B1"
"rosiglitazone BOSS","1/129",0.0318396013720166,0.0628803596988572,0,0,38.802734375,133.754749699063,"PTEN"
"trichostatin A BOSS","1/129",0.0318396013720166,0.0628803596988572,0,0,38.802734375,133.754749699063,"PTEN"
"lorazepam BOSS","1/129",0.0318396013720166,0.0628803596988572,0,0,38.802734375,133.754749699063,"PTEN"
"methazolamide HL60 DOWN","1/131",0.0323267736057392,0.063514293172438,0,0,38.2019230769231,131.103632167658,"HSDL2"
"colchicine HL60 UP","1/132",0.0325702861721075,0.063514293172438,0,0,37.9083969465649,129.811803825291,"CYP1B1"
"harmine PC3 DOWN","1/133",0.0328137497211537,0.063514293172438,0,0,37.6193181818182,128.541736181638,"CYP1B1"
"Adenosine triphosphate BOSS","1/134",0.0330571642565278,0.063514293172438,0,0,37.3345864661654,127.292905972477,"PTEN"
"3,4-DICHLOROANILINE CTD 00000754","1/135",0.0333005297772172,0.063514293172438,0,0,37.0541044776119,126.064806275557,"CYP1B1"
"tetryzoline HL60 DOWN","1/135",0.0333005297772172,0.063514293172438,0,0,37.0541044776119,126.064806275557,"OSBPL1A"
"AG-012559 PC3 DOWN","1/135",0.0333005297772172,0.063514293172438,0,0,37.0541044776119,126.064806275557,"CYP1B1"
"genistein CTD 00007324","2/1231",0.033412850716267,0.063514293172438,0,0,10.1795497694603,34.5984034061402,"PTEN;CYP1B1"
"danazol HL60 DOWN","2/1233",0.033514641837665,0.063514293172438,0,0,10.1619279718386,34.5075992715653,"PTEN;CYP1B1"
"glutathione CTD 00006035","1/136",0.033543846303411,0.063514293172438,0,0,36.7777777777778,124.856945855798,"CYP1B1"
"MeIQx CTD 00001739","1/136",0.033543846303411,0.063514293172438,0,0,36.7777777777778,124.856945855798,"CYP1B1"
"methylergometrine HL60 UP","1/136",0.033543846303411,0.063514293172438,0,0,36.7777777777778,124.856945855798,"CYP1B1"
"thalidomide CTD 00006858","1/141",0.0347596941750011,0.0653884697277241,0,0,35.4553571428571,119.10506697069,"PTEN"
"docetaxel BOSS","1/142",0.0350027168516253,0.0653884697277241,0,0,35.2021276595745,118.009134401458,"PTEN"
"Bisphenol A CTD 00000312","2/1262",0.0350054775794601,0.0653884697277241,0,0,9.91269841269841,33.2298504651355,"PTEN;CYP1B1"
"diuron CTD 00005864","1/143",0.0352456905791907,0.0653884697277241,0,0,34.9524647887324,116.930395492764,"CYP1B1"
"genistein BOSS","1/143",0.0352456905791907,0.0653884697277241,0,0,34.9524647887324,116.930395492764,"PTEN"
"mefloquine MCF7 UP","1/143",0.0352456905791907,0.0653884697277241,0,0,34.9524647887324,116.930395492764,"CYP1B1"
"Decitabine BOSS","1/144",0.0354886153684594,0.0656182116376549,0,0,34.7062937062937,115.868465285128,"PTEN"
"TITANIUM DIOXIDE CTD 00000489","1/145",0.0357314912183606,0.0656268388710557,0,0,34.4635416666667,114.82297002328,"CYP1B1"
"(-)-isoprenaline HL60 DOWN","1/145",0.0357314912183606,0.0656268388710557,0,0,34.4635416666667,114.82297002328,"OSBPL1A"
"wortmannin CTD 00000504","1/146",0.0359743181439868,0.0658533199247067,0,0,34.2241379310345,113.793546729152,"PTEN"
"Arsenenous acid CTD 00000922","2/1283",0.0361022974592689,0.065860131937078,0,0,9.73926619828259,32.3479868119731,"PTEN;CYP1B1"
"etoposide HL60 UP","1/147",0.0362170961468868,0.065860131937078,0,0,33.9880136986301,112.779842848131,"CYP1B1"
"CHROMIUM CTD 00005668","1/148",0.0364598252430719,0.0660834332530677,0,0,33.7551020408163,111.781515855618,"CYP1B1"
"635-65-4 CTD 00005510","1/151",0.0371877191337034,0.0669622001394464,0,0,33.075,108.875514452474,"PTEN"
"HC toxin MCF7 DOWN","1/151",0.0371877191337034,0.0669622001394464,0,0,33.075,108.875514452474,"CYP1B1"
"carisoprodol BOSS","1/156",0.0383998980519023,0.06891968673159,0,0,32,104.310415177291,"PTEN"
"Pyruvic acid BOSS","1/158",0.0388844276575004,0.0695627261015673,0,0,31.5891719745223,102.575140708442,"PTEN"
"Sorafenib tosylate BOSS","1/160",0.0393687619262734,0.0699537870620888,0,0,31.188679245283,100.888597615061,"PTEN"
"trichostatin A ssMCF7 DOWN","1/161",0.0396108558318906,0.0699537870620888,0,0,30.9921875,100.062990050538,"CYP1B1"
"eugenol CTD 00005949","1/161",0.0396108558318906,0.0699537870620888,0,0,30.9921875,100.062990050538,"CYP1B1"
"ellipticine HL60 DOWN","1/161",0.0396108558318906,0.0699537870620888,0,0,30.9921875,100.062990050538,"CYP1B1"
"niclosamide PC3 UP","1/168",0.04130414695089,0.0724795699679631,0,0,29.6826347305389,94.5923939883117,"CYP1B1"
"arachidonic acid CTD 00007139","1/168",0.04130414695089,0.0724795699679631,0,0,29.6826347305389,94.5923939883117,"CYP1B1"
"bicalutamide CTD 00002279","1/170",0.0417875054859525,0.0728636567175944,0,0,29.3284023668639,93.1223083508577,"PTEN"
"captopril HL60 DOWN","1/170",0.0417875054859525,0.0728636567175944,0,0,29.3284023668639,93.1223083508577,"DEGS1"
"carmustine PC3 UP","1/171",0.0420291116371445,0.07297261660573,0,0,29.1544117647059,92.4017817611758,"DEGS1"
"hydroquinone CTD 00001535","1/172",0.0422706690502999,0.07297261660573,0,0,28.9824561403509,91.6906904195877,"CYP1B1"
"MG-132 CTD 00002789","1/173",0.0425121777321948,0.07297261660573,0,0,28.8125,90.9888581843975,"CYP1B1"
"COBALT CTD 00005696","1/173",0.0425121777321948,0.07297261660573,0,0,28.8125,90.9888581843975,"CYP1B1"
"L-aspartic acid BOSS","1/173",0.0425121777321948,0.07297261660573,0,0,28.8125,90.9888581843975,"PTEN"
"parthenolide PC3 DOWN","1/174",0.0427536377036415,0.0731591750767281,0,0,28.6445086705202,90.2961131758246,"CYP1B1"
"trichostatin A CTD 00000660","3/3584",0.0431652104267838,0.0736347707280429,0,0,6.87545378385926,21.607629019572,"HSDL2;PTEN;CYP1B1"
"CALCIUM CTD 00005559","1/178",0.0437189904976355,0.0739358677457,0,0,27.9915254237288,87.6127105787506,"CYP1B1"
"PhIP CTD 00002156","1/179",0.0439602069728966,0.0739358677457,0,0,27.8328651685393,86.9629645143461,"CYP1B1"
"dUTP BOSS","1/179",0.0439602069728966,0.0739358677457,0,0,27.8328651685393,86.9629645143461,"PTEN"
"GEMCITABINE HYDROCHLORIDE BOSS","1/179",0.0439602069728966,0.0739358677457,0,0,27.8328651685393,86.9629645143461,"PTEN"
"L-threonine BOSS","1/181",0.0444424938883866,0.0739358677457,0,0,27.5208333333333,85.6877437529494,"PTEN"
"hydrogen sulfide BOSS","1/181",0.0444424938883866,0.0739358677457,0,0,27.5208333333333,85.6877437529494,"PTEN"
"1,9-Pyrazoloanthrone CTD 00003948","1/181",0.0444424938883866,0.0739358677457,0,0,27.5208333333333,85.6877437529494,"PTEN"
"parthenolide HL60 DOWN","1/181",0.0444424938883866,0.0739358677457,0,0,27.5208333333333,85.6877437529494,"CYP1B1"
"calmidazolium MCF7 UP","1/182",0.0446835643544793,0.0739358677457,0,0,27.3674033149171,85.0619818270887,"CYP1B1"
"5,6-BENZOFLAVONE CTD 00007276","1/182",0.0446835643544793,0.0739358677457,0,0,27.3674033149171,85.0619818270887,"CYP1B1"
"Velcade(Bortezomib) BOSS","1/183",0.044924586162201,0.0740661404390525,0,0,27.2156593406593,84.4439329137397,"PTEN"
"terfenadine MCF7 UP","1/184",0.0451655593239957,0.0740661404390525,0,0,27.0655737704918,83.8334615372998,"CYP1B1"
"ZEARALENONE CTD 00007008","1/184",0.0451655593239957,0.0740661404390525,0,0,27.0655737704918,83.8334615372998,"CYP1B1"
"Imatinib mesylate BOSS","1/187",0.0458881869997037,0.0740783322289459,0,0,26.625,82.0462037551873,"PTEN"
"NICKEL CTD 00006389","1/189",0.0463696956816514,0.0740783322289459,0,0,26.3390957446809,80.8902377711309,"CYP1B1"
"metformin BOSS","1/189",0.0463696956816514,0.0740783322289459,0,0,26.3390957446809,80.8902377711309,"PTEN"
"Superoxide BOSS","1/189",0.0463696956816514,0.0740783322289459,0,0,26.3390957446809,80.8902377711309,"PTEN"
"actinomycin D CTD 00005748","1/190",0.0466103771145235,0.0740783322289459,0,0,26.1984126984127,80.3225538789853,"CYP1B1"
"formaldehyde BOSS","1/191",0.046851009948385,0.0740783322289459,0,0,26.0592105263158,79.7615811055554,"PTEN"
"Insulin BOSS","1/191",0.046851009948385,0.0740783322289459,0,0,26.0592105263158,79.7615811055554,"PTEN"
"serine BOSS","1/191",0.046851009948385,0.0740783322289459,0,0,26.0592105263158,79.7615811055554,"PTEN"
"1-Phosphatidyl-myo-inositol BOSS","1/192",0.0470915942002926,0.0740783322289459,0,0,25.9214659685864,79.2072064270803,"PTEN"
"GONADORELIN BOSS","1/192",0.0470915942002926,0.0740783322289459,0,0,25.9214659685864,79.2072064270803,"PTEN"
"dihydroergocristine HL60 DOWN","1/192",0.0470915942002926,0.0740783322289459,0,0,25.9214659685864,79.2072064270803,"OSBPL1A"
"ethisterone BOSS","1/193",0.047332129861881,0.0740783322289459,0,0,25.78515625,78.6593193061863,"PTEN"
"cerivastatin BOSS","1/193",0.047332129861881,0.0740783322289459,0,0,25.78515625,78.6593193061863,"PTEN"
"Angiotensin II, human BOSS","1/193",0.047332129861881,0.0740783322289459,0,0,25.78515625,78.6593193061863,"PTEN"
"Simvastatin and niacin BOSS","1/193",0.047332129861881,0.0740783322289459,0,0,25.78515625,78.6593193061863,"PTEN"
"PLATINUM BOSS","1/194",0.0475726169546721,0.0740783322289459,0,0,25.6502590673575,78.1178115948762,"PTEN"
"ethosuximide HL60 DOWN","1/194",0.0475726169546721,0.0740783322289459,0,0,25.6502590673575,78.1178115948762,"CYP1B1"
"valproic acid HL60 DOWN","1/195",0.0478130554817338,0.0740783322289459,0,0,25.5167525773196,77.5825774968116,"CYP1B1"
"UNII-CXY7B3Q98Z BOSS","1/195",0.0478130554817338,0.0740783322289459,0,0,25.5167525773196,77.5825774968116,"PTEN"
"2-Butanone BOSS","1/196",0.0480534454514014,0.0740783322289459,0,0,25.3846153846154,77.0535134919584,"PTEN"
"water BOSS","1/196",0.0480534454514014,0.0740783322289459,0,0,25.3846153846154,77.0535134919584,"PTEN"
"tamoxifen BOSS","1/197",0.0482937868634323,0.0740783322289459,0,0,25.2538265306122,76.5305182836233,"PTEN"
"5-Fluorouracil BOSS","1/197",0.0482937868634323,0.0740783322289459,0,0,25.2538265306122,76.5305182836233,"PTEN"
"rapamycin BOSS","1/198",0.0485340797362059,0.0740783322289459,0,0,25.1243654822335,76.0134927256932,"PTEN"
"Bisulfite BOSS","1/198",0.0485340797362059,0.0740783322289459,0,0,25.1243654822335,76.0134927256932,"PTEN"
"lobeline HL60 DOWN","2/1510",0.0488516094299981,0.0743543057575931,0,0,8.17285587975243,24.6735899991062,"PTEN;CYP1B1"
"doxorubicin BOSS","1/200",0.0490145198704161,0.0743543057575931,0,0,24.8693467336683,74.9969644756718,"PTEN"
"L-thyroxine BOSS","1/201",0.0492546671533965,0.0743543057575931,0,0,24.74375,74.4972738004234,"PTEN"
"cephaeline MCF7 DOWN","1/201",0.0492546671533965,0.0743543057575931,0,0,24.74375,74.4972738004234,"DEGS1"
"Pentadecafluorooctanoic acid CTD 00001078","1/203",0.0497348161771361,0.0744219586004953,0,0,24.4962871287129,73.5145840659419,"PTEN"
"co-dergocrine mesilate HL60 DOWN","1/203",0.0497348161771361,0.0744219586004953,0,0,24.4962871287129,73.5145840659419,"OSBPL1A"
"N-methyl-D-aspartic acid BOSS","1/203",0.0497348161771361,0.0744219586004953,0,0,24.4962871287129,73.5145840659419,"OSBPL1A"
"0179445-0000 MCF7 UP","1/204",0.0499748179349969,0.0744219586004953,0,0,24.3743842364532,73.0314085440888,"CYP1B1"
"monobenzone PC3 DOWN","1/204",0.0499748179349969,0.0744219586004953,0,0,24.3743842364532,73.0314085440888,"CYP1B1"
"dimethyl sulfoxide CTD 00005842","1/207",0.0506945322784356,0.0752408080432635,0,0,24.0157766990291,71.6135383774034,"CYP1B1"
"2,2',4,4',5,5'-Hexachlorobiphenyl CTD 00000731","1/208",0.050934340109142,0.0752408080432635,0,0,23.8985507246377,71.1511935886949,"CYP1B1"
"Sodium dichromate CTD 00000827","1/208",0.050934340109142,0.0752408080432635,0,0,23.8985507246377,71.1511935886949,"CYP1B1"
"SELENIUM CTD 00006731","2/1559",0.0518102103808199,0.0763300158284271,0,0,7.8946692357097,23.3695475385124,"DEGS1;OSBPL1A"
"progesterone BOSS","1/221",0.0540474343473396,0.0794136968676909,0,0,22.4715909090909,65.5697024002527,"PTEN"
"resveratrol CTD 00002483","2/1601",0.0544021312326085,0.0796913287575288,0,0,7.66979362101313,22.3294686055656,"PTEN;CYP1B1"
"EINECS 250-892-2 CTD 00001193","1/223",0.0545256459919934,0.0796913287575288,0,0,22.2668918918919,64.7762615896569,"CYP1B1"
"resveratrol BOSS","1/225",0.0550036642219965,0.0801772989056086,0,0,22.0658482142857,63.9988036512559,"PTEN"
"PHENCYCLIDINE CTD 00005881","1/226",0.0552426008207353,0.0803131215098288,0,0,21.9666666666667,63.6159250967051,"CYP1B1"
"Retinoic acid BOSS","1/232",0.0566752057210421,0.0821360045564149,0,0,21.3896103896104,61.3971323596333,"OSBPL1A"
"ZINC CTD 00007011","2/1642",0.0569813086908771,0.0821360045564149,0,0,7.46138211382114,21.377098390708,"PTEN;OSBPL1A"
"1-NITROPYRENE CTD 00001569","1/234",0.0571523543038795,0.0821360045564149,0,0,21.2038626609442,60.6861905913671,"CYP1B1"
"Aflodac CTD 00006817","1/234",0.0571523543038795,0.0821360045564149,0,0,21.2038626609442,60.6861905913671,"CYP1B1"
"verteporfin MCF7 DOWN","1/235",0.0573908561782572,0.0821360045564149,0,0,21.1121794871795,60.3358704792836,"CYP1B1"
"gemcitabine CTD 00002382","1/235",0.0573908561782572,0.0821360045564149,0,0,21.1121794871795,60.3358704792836,"PTEN"
"Prestwick-983 HL60 DOWN","1/236",0.057629309791798,0.0822636002468412,0,0,21.0212765957447,59.9889213248297,"OSBPL1A"
"hesperetin PC3 DOWN","1/237",0.0578677151468705,0.0823904678189293,0,0,20.9311440677966,59.6452970158472,"CYP1B1"
"2-Methylcholine CTD 00002006","2/1666",0.0585131977821871,0.0829795259448917,0,0,7.34415064102564,20.8463932383109,"PTEN;OSBPL1A"
"tolnaftate PC3 DOWN","1/240",0.0585826417287892,0.0829795259448917,0,0,20.6652719665272,58.6339242057214,"CYP1B1"
"tretinoin HL60 UP","1/241",0.0588208541183383,0.0831033092800113,0,0,20.578125,58.3031542598228,"CYP1B1"
"puromycin MCF7 UP","1/242",0.0590590182819408,0.0832263914919421,0,0,20.4917012448133,57.9754905286245,"CYP1B1"
"quinpirole HL60 DOWN","1/245",0.0597732215366308,0.0838314720879865,0,0,20.2366803278689,57.0107256065769,"OSBPL1A"
"COPPER CTD 00005706","2/1688",0.0599316147082614,0.0838314720879865,0,0,7.23962040332147,20.3762817263936,"PTEN;CYP1B1"
"ouabain MCF7 UP","1/246",0.0600111928894294,0.0838314720879865,0,0,20.1530612244898,56.6950792586901,"CYP1B1"
"rapamycin CTD 00007350","1/247",0.0602491160559758,0.0838314720879865,0,0,20.0701219512195,56.3823388698241,"PTEN"
"harmine MCF7 DOWN","1/247",0.0602491160559758,0.0838314720879865,0,0,20.0701219512195,56.3823388698241,"CYP1B1"
"PNU-0293363 MCF7 UP","1/255",0.0621507675972213,0.0860428968494194,0,0,19.4301181102362,53.980600837651,"DEGS1"
"digoxigenin MCF7 UP","1/255",0.0621507675972213,0.0860428968494194,0,0,19.4301181102362,53.980600837651,"CYP1B1"
"alsterpaullone MCF7 UP","1/256",0.0623882574190963,0.0861552126263711,0,0,19.3529411764706,53.6923781775184,"CYP1B1"
"curcumin BOSS","1/257",0.0626256991356033,0.0862669005592936,0,0,19.2763671875,53.4067088397324,"PTEN"
"zuclopenthixol PC3 DOWN","1/260",0.0633377356775737,0.08703015550709,0,0,19.0501930501931,52.564702134669,"CYP1B1"
"piperlongumine MCF7 DOWN","1/262",0.0638121862717512,0.0874639667555595,0,0,18.9022988505747,52.0155557826384,"CYP1B1"
"tolnaftate PC3 UP","1/266",0.064760510705784,0.0884286590106369,0,0,18.6132075471698,50.945452151108,"PTEN"
"rifabutin MCF7 UP","1/267",0.0649974716865843,0.0884286590106369,0,0,18.5422932330827,50.6836323944174,"DEGS1"
"niclosamide HL60 DOWN","1/267",0.0649974716865843,0.0884286590106369,0,0,18.5422932330827,50.6836323944174,"CYP1B1"
"MG-132 MCF7 UP","1/270",0.0657080664908626,0.0891752330947422,0,0,18.3327137546468,49.9114288716913,"OSBPL1A"
"2-Nonenal, 4-hydroxy-, (2E,4R)- CTD 00001295","1/274",0.0666548541237908,0.0902378983346652,0,0,18.0604395604396,48.9117773629356,"CYP1B1"
"cyclophosphamide CTD 00005734","1/280",0.0680735962817488,0.0918435489287575,0,0,17.6666666666667,47.4732635409331,"CYP1B1"
"COUMESTROL CTD 00005717","2/1812",0.0681742495678073,0.0918435489287575,0,0,6.69797421731123,17.9886713759467,"PTEN;CYP1B1"
"verteporfin HL60 DOWN","1/283",0.0687823200968866,0.0924367277399622,0,0,17.4760638297872,46.7800769471477,"CYP1B1"
"Zinc sulfate CTD 00007264","1/287",0.069726614404736,0.0934777725961302,0,0,17.2281468531469,45.881538844558,"PTEN"
"valproic acid HL60 UP","1/289",0.0701984742084176,0.0938819400214517,0,0,17.1067708333333,45.4429170591814,"HSDL2"
"Allococaine CTD 00005697","1/290",0.070434332303681,0.0939692907974049,0,0,17.0467128027682,45.2261983626946,"OSBPL1A"
"dihydroergotamine HL60 DOWN","1/293",0.0711416194192665,0.0944554995181104,0,0,16.8690068493151,44.5861809942525,"OSBPL1A"
"luteolin HL60 DOWN","1/293",0.0711416194192665,0.0944554995181104,0,0,16.8690068493151,44.5861809942525,"CYP1B1"
"digoxigenin PC3 UP","1/296",0.0718484759512339,0.0951646880988699,0,0,16.6949152542373,43.9609820346354,"CYP1B1"
"OCHRATOXIN A CTD 00001202","1/297",0.0720839991361056,0.0952476823117367,0,0,16.6376689189189,43.7557912393875,"PTEN"
"zuclopenthixol PC3 UP","1/301",0.0730256138496532,0.0962610364381792,0,0,16.4125,42.9506102182675,"PTEN"
"17-Ethynyl estradiol CTD 00005932","1/304",0.0737313231123396,0.0969593294389,0,0,16.2475247524752,42.3626190976487,"PTEN"
"POTASSIUM CHROMATE CTD 00001284","2/1897",0.0740600169649356,0.0971596889230465,0,0,6.36763412489006,16.5741841643344,"HSDL2;CYP1B1"
"pergolide HL60 UP","1/312",0.0756111134435304,0.0987244632876428,0,0,15.8231511254019,40.8577813782294,"CYP1B1"
"MG-262 MCF7 UP","1/312",0.0756111134435304,0.0987244632876428,0,0,15.8231511254019,40.8577813782294,"OSBPL1A"
"MG-262 PC3 UP","1/320",0.0774878506904121,0.100935710946612,0,0,15.4200626959248,39.4388784866711,"OSBPL1A"
"8-azaguanine PC3 UP","1/323",0.0781908407792893,0.101437128243169,0,0,15.2740683229814,38.9275327435681,"CYP1B1"
"digoxin MCF7 UP","1/324",0.0784250755564251,0.101437128243169,0,0,15.2260061919505,38.7594973974433,"CYP1B1"
"helveticoside PC3 UP","1/324",0.0784250755564251,0.101437128243169,0,0,15.2260061919505,38.7594973974433,"CYP1B1"
"pregnenolone PC3 DOWN","1/325",0.0786592627152686,0.101501765236799,0,0,15.1782407407407,38.5926485103502,"CYP1B1"
"digitoxigenin MCF7 UP","1/328",0.0793615385474878,0.102168709672116,0,0,15.0366972477064,38.0991027756684,"CYP1B1"
"HC toxin MCF7 UP","1/332",0.0802972401224366,0.103132352698048,0,0,14.8519637462236,37.4569500261307,"DEGS1"
"menadione HL60 UP","1/334",0.0807648055233412,0.103491646147351,0,0,14.7612612612613,37.1424920004455,"CYP1B1"
"cicloheximide MCF7 UP","1/354",0.08543000918299,0.109007360098994,0,0,13.9107648725212,34.2212862452374,"CYP1B1"
"vorinostat PC3 DOWN","1/355",0.0856627711848721,0.109007360098994,0,0,13.8707627118644,34.0851378244743,"CYP1B1"
"helveticoside MCF7 UP","1/355",0.0856627711848721,0.109007360098994,0,0,13.8707627118644,34.0851378244743,"CYP1B1"
"diltiazem PC3 DOWN","1/364",0.0877554973697224,0.111413085370316,0,0,13.5206611570248,32.8984831450837,"HSDL2"
"(17S)-17-hydroxy-13,17-dimethyl-1,2,6,7,8,14,15,16-octahydrocyclopenta[a]phenanthren-3-one CTD 00007088","1/367",0.0884522206016669,0.111819419336223,0,0,13.4077868852459,32.5178083660619,"PTEN"
"scopolamine PC3 DOWN","1/368",0.0886843670597628,0.111819419336223,0,0,13.3705722070845,32.3925062343672,"CYP1B1"
"0175029-0000 MCF7 UP","1/368",0.0886843670597628,0.111819419336223,0,0,13.3705722070845,32.3925062343672,"HSDL2"
"minoxidil PC3 UP","1/371",0.0893805226614712,0.11243988124765,0,0,13.2601351351351,32.0212703204482,"PTEN"
"nocodazole HL60 UP","1/373",0.0898443899894615,0.112544252313233,0,0,13.1875,31.7776036375204,"CYP1B1"
"(-)-Epigallocatechin gallate CTD 00002033","2/2114",0.0899036677053929,0.112544252313233,0,0,5.64488636363636,13.598624620507,"HSDL2;CYP1B1"
"3'-Azido-3'-deoxythymidine CTD 00007047","1/374",0.0900762527588673,0.112544252313233,0,0,13.1514745308311,31.6568974368337,"CYP1B1"
"proscillaridin MCF7 UP","1/378",0.091003231363652,0.113189120725445,0,0,13.0092838196286,31.1814354452281,"CYP1B1"
"cicloheximide PC3 UP","1/378",0.091003231363652,0.113189120725445,0,0,13.0092838196286,31.1814354452281,"CYP1B1"
"piperlongumine HL60 DOWN","1/389",0.0935485276815601,0.115831997196718,0,0,12.6333762886598,29.9319421602421,"CYP1B1"
"Medroxyprogesterone acetate CTD 00006623","1/389",0.0935485276815601,0.115831997196718,0,0,12.6333762886598,29.9319421602421,"CYP1B1"
"cyclosporin A CTD 00007121","3/4825",0.0944768415448704,0.116719147289739,0,0,4.71992948983824,11.13620417544,"HSDL2;CYP1B1;OSBPL1A"
"apigenin HL60 DOWN","1/396",0.0951652908200703,0.117306656022055,0,0,12.4050632911392,29.1784455186463,"CYP1B1"
"ellipticine PC3 DOWN","1/399",0.0958574827080112,0.117896145027041,0,0,12.3096733668342,28.8648637796162,"CYP1B1"
"Methaneseleninic acid CTD 00000412","1/402",0.0965492509160305,0.11848248831789,0,0,12.215710723192,28.5566917389579,"PTEN"
"lanatoside C MCF7 UP","1/405",0.0972405956538741,0.119065707122855,0,0,12.1231435643564,28.2537983752079,"CYP1B1"
"thapsigargin MCF7 UP","1/407",0.0977012569566164,0.119364506836132,0,0,12.0621921182266,28.0547392239317,"CYP1B1"
"rosiglitazone CTD 00003139","1/411",0.0986220154269925,0.119957462473009,0,0,11.9420731707317,27.6633439181777,"PTEN"
"lanatoside C PC3 UP","1/411",0.0986220154269925,0.119957462473009,0,0,11.9420731707317,27.6633439181777,"CYP1B1"
"Pentabromodiphenyl ether CTD 00003077","1/415",0.0995420220761895,0.120545962191959,0,0,11.8242753623188,27.2806771388626,"CYP1B1"
"VALPROIC ACID CTD 00006977","4/8312",0.0995433989062454,0.120545962191959,0,0,5.62686567164179,12.9820881808956,"HSDL2;CYP1B1;DEGS1;OSBPL1A"
"ouabain PC3 UP","1/416",0.0997719063090297,0.120557720123411,0,0,11.7951807228916,27.1863420947412,"CYP1B1"
"Vorinostat CTD 00003560","1/425",0.101838752479018,0.122785891938597,0,0,11.5395047169811,26.3604357841468,"CYP1B1"
"diclofenac CTD 00005804","1/427",0.10229753566755,0.123069742691747,0,0,11.4841549295775,26.1823768033579,"PTEN"
"8-azaguanine HL60 UP","1/428",0.102526856962377,0.1230769023666,0,0,11.4566744730679,26.0940711577874,"CYP1B1"
"sanguinarine HL60 DOWN","1/431",0.103214539633463,0.123364883596612,0,0,11.375,25.8320056077867,"CYP1B1"
"MS-275 PC3 UP","1/431",0.103214539633463,0.123364883596612,0,0,11.375,25.8320056077867,"CYP1B1"
"emetine HL60 DOWN","1/435",0.104130794057654,0.124190622350146,0,0,11.2678571428571,25.4891045442644,"DEGS1"
"carbamazepine CTD 00005574","1/436",0.104359740612128,0.124194853298666,0,0,11.2413793103448,25.4045201785536,"PTEN"
"camptothecin PC3 UP","1/437",0.104588640356844,0.124199010423752,0,0,11.2150229357798,25.3203853288777,"HSDL2"
"ETHYL METHANESULFONATE CTD 00005938","2/2315",0.1055517431615,0.125073140821477,0,0,5.09641158668396,11.4595566068675,"HSDL2;PTEN"
"digoxin MCF7 DOWN","1/449",0.107331788717622,0.12690947550088,0,0,10.9079241071429,24.3446367654426,"OSBPL1A"
"scopolamine PC3 UP","1/454",0.108472781065277,0.127983945111279,0,0,10.7847682119205,23.955731134189,"PTEN"
"pregnenolone PC3 UP","1/456",0.10892885118602,0.128247429494651,0,0,10.7362637362637,23.8029446507068,"PTEN"
"strophanthidin PC3 UP","1/459",0.10961260638617,0.128777283835351,0,0,10.6643013100437,23.5766681487286,"CYP1B1"
"etoposide CTD 00005948","1/461",0.110068209964557,0.129037412107385,0,0,10.616847826087,23.4277204965863,"PTEN"
"azacitidine MCF7 DOWN","1/482",0.114840797252064,0.133704176194879,0,0,10.1424116424116,21.950293299046,"DEGS1"
"Cylindrospermopsin CTD 00003136","1/483",0.115067551490203,0.133704176194879,0,0,10.1208506224066,21.8836667446843,"CYP1B1"
"Phorbol 12-myristate 13-acetate CTD 00006852","1/483",0.115067551490203,0.133704176194879,0,0,10.1208506224066,21.8836667446843,"CYP1B1"
"digoxin PC3 UP","1/483",0.115067551490203,0.133704176194879,0,0,10.1208506224066,21.8836667446843,"CYP1B1"
"thapsigargin PC3 UP","1/484",0.115294259277432,0.133704176194879,0,0,10.0993788819876,21.8173614069728,"CYP1B1"
"cicloheximide HL60 UP","1/485",0.115520920616186,0.133704176194879,0,0,10.0779958677686,21.7513751103489,"CYP1B1"
"ouabain MCF7 DOWN","1/486",0.115747535471792,0.133704176194879,0,0,10.0567010309278,21.6857057015495,"OSBPL1A"
"vorinostat MCF7 DOWN","1/492",0.117106249410808,0.134969163107546,0,0,9.93075356415479,21.2982254107518,"CYP1B1"
"paclitaxel CTD 00007144","1/493",0.117332539253202,0.134969163107546,0,0,9.91006097560976,21.2347153687228,"PTEN"
"alprostadil HL60 DOWN","1/500",0.118915269367656,0.136454876442202,0,0,9.76753507014028,20.798442798066,"OSBPL1A"
"irinotecan PC3 UP","1/501",0.119141188200937,0.136454876442202,0,0,9.7475,20.7372802133214,"CYP1B1"
"Dasatinib CTD 00004330","1/502",0.119367060698986,0.136454876442202,0,0,9.72754491017964,20.6764024380142,"CYP1B1"
"lycorine PC3 UP","1/508",0.120721322841077,0.137717285477088,0,0,9.6094674556213,20.3170136260764,"CYP1B1"
"cephaeline PC3 UP","1/514",0.122073918380621,0.13897258063579,0,0,9.49415204678363,19.9674220316664,"CYP1B1"
"curcumin CTD 00000663","1/528",0.125223502040025,0.142264226028977,0,0,9.23529411764706,19.1877561263174,"CYP1B1"
"GDC-0941 CTD 00004868","1/533",0.126346160117799,0.143204055224307,0,0,9.14614661654135,18.9209063941516,"PTEN"
"chlorhexidine PC3 DOWN","1/534",0.126570553347074,0.143204055224307,0,0,9.12851782363978,18.8682391394741,"CYP1B1"
"fisetin PC3 DOWN","1/541",0.128140015333319,0.144682681247252,0,0,9.00694444444444,18.5059539639891,"CYP1B1"
"trichostatin A HL60 DOWN","1/543",0.128588018403729,0.144891611739172,0,0,8.97278597785978,18.4044549550413,"CYP1B1"
"piroxicam CTD 00006571","1/549",0.129930922725846,0.146105996779472,0,0,8.87180656934307,18.1051599578389,"DEGS1"
"dirithromycin HL60 DOWN","1/556",0.131495551418305,0.147564254239279,0,0,8.75675675675676,17.7655527409585,"PTEN"
"vorinostat HL60 DOWN","1/569",0.13439531832751,0.150511830078167,0,0,8.5506161971831,17.1608274990015,"CYP1B1"
"hydrogen peroxide CTD 00006118","2/2673",0.135471950980752,0.151409827566722,0,0,4.32397354299264,8.64358274349114,"PTEN;CYP1B1"
"NICKEL SULFATE CTD 00001417","1/576",0.135953519999934,0.151640464615311,0,0,8.44347826086956,16.8484729747189,"PTEN"
"sulfaguanidine PC3 DOWN","1/583",0.137509476890051,0.153066104578623,0,0,8.3389175257732,16.5449330649343,"HSDL2"
"4-Hydroxytamoxifen CTD 00000850","1/586",0.138175628987762,0.153497523331163,0,0,8.2948717948718,16.4174568560095,"CYP1B1"
"trichostatin A MCF7 DOWN","1/588",0.138619501675397,0.153680775499283,0,0,8.26575809199319,16.3333239478085,"CYP1B1"
"cytarabine CTD 00005743","1/594",0.139950022516384,0.154778678226575,0,0,8.17959527824621,16.0849279262915,"PTEN"
"azacitidine PC3 DOWN","1/595",0.140171616034593,0.154778678226575,0,0,8.16540404040404,16.0441026036184,"DEGS1"
"benzene CTD 00005481","1/615",0.144593903860775,0.159342482054574,0,0,7.89128664495114,15.2603763037414,"CYP1B1"
"methotrexate CTD 00006299","1/619",0.145476173884557,0.159994754112556,0,0,7.83859223300971,15.1107909868353,"PTEN"
"emetine MCF7 UP","1/637",0.149437384858477,0.164023902504025,0,0,7.60966981132075,14.465052442113,"CYP1B1"
"staurosporine MCF7 DOWN","1/649",0.152070020997115,0.166548043608465,0,0,7.46412037037037,14.058030294232,"CYP1B1"
"troglitazone CTD 00002415","1/651",0.152508159206032,0.166548043608465,0,0,7.44038461538462,13.9919199129653,"CYP1B1"
"8-Bromo-cAMP, Na CTD 00007044","1/652",0.152727160391661,0.166548043608465,0,0,7.42857142857143,13.9590450250774,"CYP1B1"
"lanatoside C MCF7 DOWN","1/653",0.152946116272021,0.166548043608465,0,0,7.41679447852761,13.9262895280738,"OSBPL1A"
"trichostatin A HL60 UP","1/667",0.156006748766994,0.169545795997266,0,0,7.25563063063063,13.4799169831903,"HSDL2"
"scriptaid MCF7 DOWN","1/670",0.156661446082191,0.169922159037967,0,0,7.2219730941704,13.3871418397829,"CYP1B1"
"scriptaid PC3 DOWN","1/692",0.161450155679091,0.174772172454183,0,0,6.98408104196816,12.7358825663732,"CYP1B1"
"Copper sulfate CTD 00007279","3/6016",0.164113099934377,0.177306506007533,0,0,3.48794279062032,6.30340831062839,"HSDL2;PTEN;CYP1B1"
"anisomycin MCF7 UP","1/718",0.167081468135356,0.180160252333818,0,0,6.72175732217573,12.0270639463796,"CYP1B1"
"puromycin PC3 DOWN","1/722",0.167945131988689,0.18073782758939,0,0,6.68307905686546,11.9234012947814,"HSDL2"
"zalcitabine PC3 DOWN","1/726",0.168808079256604,0.181190780117549,0,0,6.6448275862069,11.8211006661449,"HSDL2"
"vorinostat HL60 UP","1/727",0.169023704138694,0.181190780117549,0,0,6.6353305785124,11.795735409705,"HSDL2"
"metronidazole PC3 DOWN","1/745",0.172897306573653,0.184983331887539,0,0,6.46875,11.3530279725609,"HSDL2"
"medrysone HL60 DOWN","1/760",0.176114261868888,0.188059996685576,0,0,6.33596837944664,11.0031838495037,"OSBPL1A"
"cephaeline HL60 UP","1/767",0.177612078071883,0.189292562896727,0,0,6.27578328981723,10.8455165034277,"CYP1B1"
"quercetin CTD 00006679","2/3158",0.179501457785736,0.190936878841584,0,0,3.55703422053232,6.10946220137256,"PTEN;CYP1B1"
"ampyrone HL60 DOWN","1/781",0.180601175207558,0.191736507782975,0,0,6.15865384615385,10.5403151515847,"CYP1B1"
"emetine PC3 UP","1/801",0.184856230683818,0.195876505974584,0,0,5.9984375,10.1264235484082,"CYP1B1"
"Caspan CTD 00000180","1/808",0.186341316791397,0.196917367084025,0,0,5.94423791821561,9.98736143254811,"CYP1B1"
"sulfaguanidine PC3 UP","1/809",0.186553295132234,0.196917367084025,0,0,5.93657178217822,9.96773148758851,"PTEN"
"cephaeline MCF7 UP","1/811",0.18697711928248,0.196987366586322,0,0,5.9212962962963,9.92864622571891,"CYP1B1"
"emetine HL60 UP","1/849",0.194996272533918,0.20504379039349,0,0,5.64475235849057,9.2278991100495,"CYP1B1"
"lycorine HL60 DOWN","1/862",0.19772509286294,0.207122673322205,0,0,5.55574912891986,9.0051894971794,"OSBPL1A"
"lycorine HL60 UP","1/862",0.19772509286294,0.207122673322205,0,0,5.55574912891986,9.0051894971794,"CYP1B1"
"Silica CTD 00006678","1/898",0.205243225259682,0.214400835910127,0,0,5.32274247491639,8.42887961689523,"CYP1B1"
"anisomycin PC3 UP","1/899",0.205451254737835,0.214400835910127,0,0,5.31653674832962,8.41366649774778,"CYP1B1"
"zalcitabine PC3 UP","1/902",0.206075081790961,0.214645312035576,0,0,5.29800221975583,8.368272396718,"PTEN"
"cimetidine PC3 DOWN","1/953",0.216620332905804,0.225203402700185,0,0,5.00078781512605,7.64925042794878,"OSBPL1A"
"diazinon CTD 00005790","1/1027",0.231721746141867,0.240449495525741,0,0,4.62207602339181,6.75848274589432,"PTEN"
"METHYL METHANESULFONATE CTD 00006307","2/3864",0.248843761765561,0.257731038971474,0,0,2.78491282582427,3.87361891446823,"HSDL2;PTEN"
"trichostatin A PC3 DOWN","1/1133",0.252946881369339,0.261489177550668,0,0,4.16585689045936,5.72628593191581,"CYP1B1"
"menadione CTD 00007386","1/1140",0.254331849836329,0.261855736665857,0,0,4.1387181738367,5.66638266086648,"CYP1B1"
"CADMIUM CTD 00005555","1/1142",0.254727177591469,0.261855736665857,0,0,4.13102541630149,5.64943419981752,"HSDL2"
"anisomycin HL60 UP","1/1142",0.254727177591469,0.261855736665857,0,0,4.13102541630149,5.64943419981752,"CYP1B1"
"5-Fluorouracil CTD 00005987","1/1202",0.266509274247584,0.273457374507298,0,0,3.91215653621982,5.17322546954315,"PTEN"
"testosterone CTD 00006844","1/1247",0.275247669015721,0.281898634995655,0,0,3.7618378812199,4.85308675591054,"OSBPL1A"
"acetaminophen CTD 00005295","2/4135",0.276589901731971,0.282747747410605,0,0,2.55859343495443,3.2883538399463,"CYP1B1;DEGS1"
"irinotecan MCF7 DOWN","1/1272",0.280066221572423,0.285771274234084,0,0,3.68292682926829,4.68736851029708,"PTEN"
"chlorzoxazone HL60 DOWN","1/1286",0.282753394711599,0.287979889992775,0,0,3.64007782101167,4.59807407709449,"CYP1B1"
"arsenite CTD 00000779","1/1300",0.285432537889319,0.290172192577518,0,0,3.59815242494226,4.51118206426033,"PTEN"
"metronidazole PC3 UP","1/1316",0.288484606281346,0.292734839891384,0,0,3.55133079847909,4.4147074440572,"CYP1B1"
"glibenclamide HL60 DOWN","1/1333",0.291715992932431,0.2954696913709,0,0,3.50281531531532,4.31537941627595,"CYP1B1"
"estradiol CTD 00005920","2/4336",0.297435526404497,0.300710045961244,0,0,2.40901399784649,2.92106870243996,"PTEN;CYP1B1"
"benzo[a]pyrene CTD 00005488","2/4424",0.306617017325651,0.309424865469658,0,0,2.34780642243329,2.77547300477088,"CYP1B1;DEGS1"
"VITAMIN E CTD 00006994","1/1510",0.324668272902312,0.327042446744376,0,0,3.06262425447316,3.44530318757252,"OSBPL1A"
"progesterone CTD 00006624","1/1915",0.395467061359312,0.397632027023688,0,0,2.36167711598746,2.19089899793602,"CYP1B1"
"calcitriol CTD 00005558","1/1958",0.402620615664541,0.40408735743381,0,0,2.30429228410833,2.09635424056187,"OSBPL1A"
"atrazine CTD 00005450","1/2968",0.552141294460829,0.553145187723485,0,0,1.43478260869565,0.852190991682388,"DEGS1"
"AFLATOXIN B1 CTD 00007128","1/3081",0.566803881222633,0.566803881222633,0,0,1.37297077922078,0.779493071219219,"CYP1B1"
